Date,Rate
2011-01-03,0.04875
2011-01-04,0.048600000000000004
2011-01-05,0.04845
2011-01-06,0.04845
2011-01-07,0.048708
2011-01-10,0.04845
2011-01-11,0.04855
2011-01-12,0.048658
2011-01-13,0.04885
2011-01-14,0.048600000000000004
2011-01-17,0.04845
2011-01-18,0.0487
2011-01-19,0.048499999999999995
2011-01-20,0.048615000000000005
2011-01-21,0.048799999999999996
2011-01-24,0.04865
2011-01-25,0.04845
2011-01-26,0.048499999999999995
2011-01-27,0.04855
2011-01-28,0.048607
2011-01-31,0.048499999999999995
2011-02-01,0.048499999999999995
2011-02-02,0.04825
2011-02-03,0.04835
2011-02-04,0.04845
2011-02-07,0.04845
2011-02-08,0.04845
2011-02-09,0.0484
2011-02-10,0.0484
2011-02-11,0.0484
2011-02-14,0.04845
2011-02-15,0.04855
2011-02-16,0.0483
2011-02-17,0.0483
2011-02-18,0.04835
2011-02-21,0.04865
2011-02-22,0.048589
2011-02-23,0.048499999999999995
2011-02-24,0.0483
2011-02-25,0.0482
2011-02-28,0.048413000000000005
2011-03-01,0.04855
2011-03-02,0.0484
2011-03-03,0.048536
2011-03-04,0.0484
2011-03-07,0.048150000000000005
2011-03-08,0.0484
2011-03-09,0.04865
2011-03-10,0.0484
2011-03-11,0.048587
2011-03-14,0.04825
2011-03-15,0.04865
2011-03-16,0.04835
2011-03-17,0.0484
2011-03-18,0.048150000000000005
2011-03-21,0.048546
2011-03-22,0.048546
2011-03-23,0.0483
2011-03-24,0.04865
2011-03-25,0.04825
2011-03-28,0.04825
2011-03-29,0.0484
2011-03-30,0.04825
2011-03-31,0.04845
2011-04-01,0.048331
2011-04-04,0.0487
2011-04-05,0.048499999999999995
2011-04-06,0.04845
2011-04-07,0.048275
2011-04-08,0.04825
2011-04-11,0.048150000000000005
2011-04-12,0.0484
2011-04-13,0.0484
2011-04-14,0.048600000000000004
2011-04-15,0.0483
2011-04-18,0.048596
2011-04-19,0.048507999999999996
2011-04-20,0.04865
2011-04-21,0.04845
2011-04-22,0.04845
2011-04-25,0.04845
2011-04-26,0.048448000000000005
2011-04-27,0.04845
2011-04-28,0.048699000000000006
2011-04-29,0.048598999999999996
2011-05-02,0.0484
2011-05-03,0.048375
2011-05-04,0.048600000000000004
2011-05-05,0.04845
2011-05-06,0.048365
2011-05-09,0.048323
2011-05-10,0.04845
2011-05-11,0.04865
2011-05-12,0.048499999999999995
2011-05-13,0.048525
2011-05-16,0.0484
2011-05-17,0.048598999999999996
2011-05-18,0.04858799999999999
2011-05-19,0.048465
2011-05-20,0.048480999999999996
2011-05-23,0.0483
2011-05-24,0.04835
2011-05-25,0.0484
2011-05-26,0.048568
2011-05-27,0.048686
2011-05-30,0.04845
2011-05-31,0.048449
2011-06-01,0.048725
2011-06-02,0.048699000000000006
2011-06-03,0.048600000000000004
2011-06-06,0.048499999999999995
2011-06-07,0.0483
2011-06-08,0.048499999999999995
2011-06-09,0.04825
2011-06-10,0.048499999999999995
2011-06-13,0.04855
2011-06-14,0.048689
2011-06-15,0.04835
2011-06-16,0.0482
2011-06-17,0.048435
2011-06-20,0.048174999999999996
2011-06-21,0.04845
2011-06-22,0.04835
2011-06-23,0.048499999999999995
2011-06-24,0.04835
2011-06-27,0.04845
2011-06-28,0.048494999999999996
2011-06-29,0.048475000000000004
2011-06-30,0.04845
2011-07-01,0.048499999999999995
2011-07-04,0.048556
2011-07-05,0.04845
2011-07-06,0.0484
2011-07-07,0.048388999999999995
2011-07-08,0.048499999999999995
2011-07-11,0.04839
2011-07-12,0.04826
2011-07-13,0.048185000000000006
2011-07-14,0.048081
2011-07-15,0.0481
2011-07-18,0.048031
2011-07-19,0.04795
2011-07-20,0.048
2011-07-21,0.04809
2011-07-22,0.0479
2011-07-25,0.047975000000000004
2011-07-26,0.048150000000000005
2011-07-27,0.0483
2011-07-28,0.048125
2011-07-29,0.048150000000000005
2011-08-01,0.048049999999999995
2011-08-02,0.048225
2011-08-03,0.048150000000000005
2011-08-04,0.04825
2011-08-05,0.0481
2011-08-08,0.0482
2011-08-09,0.0482
2011-08-10,0.0481
2011-08-11,0.0481
2011-08-12,0.0481
2011-08-15,0.048
2011-08-16,0.0482
2011-08-17,0.04825
2011-08-18,0.048216999999999996
2011-08-19,0.047975000000000004
2011-08-22,0.048049999999999995
2011-08-23,0.047987
2011-08-24,0.048049999999999995
2011-08-25,0.048036
2011-08-26,0.0479
2011-08-29,0.0478
2011-08-30,0.0479
2011-08-31,0.048
2011-09-01,0.047925
2011-09-02,0.047855
2011-09-05,0.04769999999999999
2011-09-06,0.04775
2011-09-07,0.047744999999999996
2011-09-08,0.04765
2011-09-09,0.04769999999999999
2011-09-12,0.0475
2011-09-13,0.047720000000000005
2011-09-14,0.0475
2011-09-15,0.047599999999999996
2011-09-16,0.0475
2011-09-19,0.0475
2011-09-20,0.0478
2011-09-21,0.047825
2011-09-22,0.0478
2011-09-23,0.048049999999999995
2011-09-26,0.0481
2011-09-27,0.048
2011-09-28,0.047850000000000004
2011-09-29,0.047850000000000004
2011-09-30,0.047874999999999994
2011-10-03,0.047843
2011-10-04,0.047904999999999996
2011-10-05,0.0479
2011-10-06,0.047862
2011-10-07,0.0479
2011-10-10,0.0479
2011-10-11,0.04795
2011-10-12,0.04795
2011-10-13,0.04795
2011-10-14,0.04795
2011-10-17,0.047975000000000004
2011-10-18,0.047936
2011-10-19,0.047975000000000004
2011-10-20,0.048049999999999995
2011-10-21,0.0479
2011-10-24,0.047906000000000004
2011-10-25,0.047874999999999994
2011-10-26,0.047925
2011-10-27,0.0481
2011-10-28,0.048069
2011-10-31,0.047975000000000004
2011-11-01,0.048018
2011-11-02,0.048
2011-11-03,0.048
2011-11-04,0.0479
2011-11-07,0.04795
2011-11-08,0.047975000000000004
2011-11-09,0.047874999999999994
2011-11-10,0.04795
2011-11-11,0.048049999999999995
2011-11-14,0.048049999999999995
2011-11-15,0.048039
2011-11-16,0.047936
2011-11-17,0.0481
2011-11-18,0.048056
2011-11-21,0.04795
2011-11-22,0.04795
2011-11-23,0.047941000000000004
2011-11-24,0.048049999999999995
2011-11-25,0.048025000000000005
2011-11-28,0.0481
2011-11-29,0.048049999999999995
2011-11-30,0.04795
2011-12-01,0.047975000000000004
2011-12-02,0.048
2011-12-05,0.04795
2011-12-06,0.048049999999999995
2011-12-07,0.0479
2011-12-08,0.047975000000000004
2011-12-09,0.048049999999999995
2011-12-12,0.0481
2011-12-13,0.0481
2011-12-14,0.048049999999999995
2011-12-15,0.048075
2011-12-16,0.048
2011-12-19,0.047869999999999996
2011-12-20,0.048025000000000005
2011-12-21,0.047983000000000005
2011-12-22,0.0479
2011-12-23,0.048
2011-12-26,0.048018
2011-12-27,0.047935
2011-12-28,0.047862
2011-12-29,0.047975000000000004
2011-12-30,0.0479
2012-01-02,0.048034999999999994
2012-01-03,0.048049999999999995
2012-01-04,0.048
2012-01-05,0.0479
2012-01-06,0.047815
2012-01-09,0.0478
2012-01-10,0.04795
2012-01-11,0.047874999999999994
2012-01-12,0.0478
2012-01-13,0.047837
2012-01-16,0.0479
2012-01-17,0.0479
2012-01-18,0.0478
2012-01-19,0.04775
2012-01-20,0.047850000000000004
2012-01-23,0.047725
2012-01-24,0.047879
2012-01-25,0.047975000000000004
2012-01-26,0.04775
2012-01-27,0.0478
2012-01-30,0.0479
2012-01-31,0.047925
2012-02-01,0.047918
2012-02-02,0.047850000000000004
2012-02-03,0.047869
2012-02-06,0.047850000000000004
2012-02-07,0.047850000000000004
2012-02-08,0.047825
2012-02-09,0.047850000000000004
2012-02-10,0.047850000000000004
2012-02-13,0.0479
2012-02-14,0.047850000000000004
2012-02-15,0.047850000000000004
2012-02-16,0.0478
2012-02-17,0.047850000000000004
2012-02-20,0.047825
2012-02-21,0.047801
2012-02-22,0.047825
2012-02-23,0.0478
2012-02-24,0.047850000000000004
2012-02-27,0.047850000000000004
2012-02-28,0.047832999999999994
2012-02-29,0.0478
2012-03-01,0.047850000000000004
2012-03-02,0.047850000000000004
2012-03-05,0.047737999999999996
2012-03-06,0.04775
2012-03-07,0.0478
2012-03-08,0.047737999999999996
2012-03-09,0.04759
2012-03-12,0.04764
2012-03-13,0.047587000000000004
2012-03-14,0.04765
2012-03-15,0.04765
2012-03-16,0.04765
2012-03-19,0.04765
2012-03-20,0.04765
2012-03-21,0.04769999999999999
2012-03-22,0.047687999999999994
2012-03-23,0.047683
2012-03-26,0.047683
2012-03-27,0.04766600000000001
2012-03-28,0.04764
2012-03-29,0.04764
2012-03-30,0.04769999999999999
2012-04-02,0.04769999999999999
2012-04-03,0.047599999999999996
2012-04-04,0.047599999999999996
2012-04-05,0.047599999999999996
2012-04-06,0.047599999999999996
2012-04-09,0.047599999999999996
2012-04-10,0.047575000000000006
2012-04-11,0.047595
2012-04-12,0.0475
2012-04-13,0.0475
2012-04-16,0.047557
2012-04-17,0.047525000000000005
2012-04-18,0.047474999999999996
2012-04-19,0.04724999999999999
2012-04-20,0.047175
2012-04-23,0.04724999999999999
2012-04-24,0.0472
2012-04-25,0.04724999999999999
2012-04-26,0.04724999999999999
2012-04-27,0.04724999999999999
2012-04-30,0.047474999999999996
2012-05-01,0.04755
2012-05-02,0.04755
2012-05-03,0.047525000000000005
2012-05-04,0.047525000000000005
2012-05-07,0.04745
2012-05-08,0.047599999999999996
2012-05-09,0.047575000000000006
2012-05-10,0.04769999999999999
2012-05-11,0.04769999999999999
2012-05-14,0.047691
2012-05-15,0.0475
2012-05-16,0.0475
2012-05-17,0.047599999999999996
2012-05-18,0.04755
2012-05-21,0.04765
2012-05-22,0.047575000000000006
2012-05-23,0.047675
2012-05-24,0.047687
2012-05-25,0.047818
2012-05-28,0.047575000000000006
2012-05-29,0.04755
2012-05-30,0.04765
2012-05-31,0.047599999999999996
2012-06-01,0.0475
2012-06-04,0.04765
2012-06-05,0.047625
2012-06-06,0.047662
2012-06-07,0.04768
2012-06-08,0.04764
2012-06-11,0.0475
2012-06-12,0.04755
2012-06-13,0.04765
2012-06-14,0.047656000000000004
2012-06-15,0.04765
2012-06-18,0.047599999999999996
2012-06-19,0.047645
2012-06-20,0.047675
2012-06-21,0.047571
2012-06-22,0.047599999999999996
2012-06-25,0.047695
2012-06-26,0.047729999999999995
2012-06-27,0.047725
2012-06-28,0.047636000000000005
2012-06-29,0.047651000000000006
2012-07-02,0.04769999999999999
2012-07-03,0.047651000000000006
2012-07-04,0.047625
2012-07-05,0.047584999999999995
2012-07-06,0.04765
2012-07-09,0.047635
2012-07-10,0.047935
2012-07-11,0.047825
2012-07-12,0.0478
2012-07-13,0.047850000000000004
2012-07-16,0.047874999999999994
2012-07-17,0.047837
2012-07-18,0.047812
2012-07-19,0.047775
2012-07-20,0.047805999999999994
2012-07-23,0.047850000000000004
2012-07-24,0.047874999999999994
2012-07-25,0.047850000000000004
2012-07-26,0.047825
2012-07-27,0.047812
2012-07-30,0.047775
2012-07-31,0.047788000000000004
2012-08-01,0.047804
2012-08-02,0.047850000000000004
2012-08-03,0.047896999999999995
2012-08-06,0.047850000000000004
2012-08-07,0.047825
2012-08-08,0.0478
2012-08-09,0.047874999999999994
2012-08-10,0.047916
2012-08-13,0.0478
2012-08-14,0.047866
2012-08-15,0.047844
2012-08-16,0.047874999999999994
2012-08-17,0.047850000000000004
2012-08-20,0.0479
2012-08-21,0.0479
2012-08-22,0.047901
2012-08-23,0.0479
2012-08-24,0.04795
2012-08-27,0.04795
2012-08-28,0.048
2012-08-29,0.0479
2012-08-30,0.0479
2012-08-31,0.047925
2012-09-03,0.047911999999999996
2012-09-04,0.047874999999999994
2012-09-05,0.047937
2012-09-06,0.047925
2012-09-07,0.048
2012-09-10,0.048025000000000005
2012-09-11,0.048
2012-09-12,0.04804
2012-09-13,0.048049999999999995
2012-09-14,0.04797
2012-09-17,0.048
2012-09-18,0.04804
2012-09-19,0.048075
2012-09-20,0.048087
2012-09-21,0.048025000000000005
2012-09-24,0.0481
2012-09-25,0.048150000000000005
2012-09-26,0.0481
2012-09-27,0.0481
2012-09-28,0.048049999999999995
2012-10-01,0.048075
2012-10-02,0.0481
2012-10-03,0.0481
2012-10-04,0.0481
2012-10-05,0.0481
2012-10-08,0.0481
2012-10-09,0.0481
2012-10-10,0.048125
2012-10-11,0.048112
2012-10-12,0.048112
2012-10-15,0.048125
2012-10-16,0.048162
2012-10-17,0.0482
2012-10-18,0.048189
2012-10-19,0.0482
2012-10-22,0.0482
2012-10-23,0.048236999999999995
2012-10-24,0.048225
2012-10-25,0.048262
2012-10-26,0.048225
2012-10-29,0.048275
2012-10-30,0.04828
2012-10-31,0.0483
2012-11-01,0.048310000000000006
2012-11-02,0.04835
2012-11-05,0.04835
2012-11-06,0.048525
2012-11-07,0.048437
2012-11-08,0.04839
2012-11-09,0.0484
2012-11-12,0.04846
2012-11-13,0.04842
2012-11-14,0.0484
2012-11-15,0.04845
2012-11-16,0.0484
2012-11-19,0.04836
2012-11-20,0.04836
2012-11-21,0.048375
2012-11-22,0.0484
2012-11-23,0.048562
2012-11-26,0.048499999999999995
2012-11-27,0.048425
2012-11-28,0.048462
2012-11-29,0.04846
2012-11-30,0.048475000000000004
2012-12-03,0.048462
2012-12-04,0.048430999999999995
2012-12-05,0.04835
2012-12-06,0.048395
2012-12-07,0.0484
2012-12-10,0.0484
2012-12-11,0.0484
2012-12-12,0.0484
2012-12-13,0.0484
2012-12-14,0.0484
2012-12-17,0.0484
2012-12-18,0.0484
2012-12-19,0.0484
2012-12-20,0.0484
2012-12-21,0.0484
2012-12-24,0.048447
2012-12-25,0.04855
2012-12-26,0.04855
2012-12-27,0.048475000000000004
2012-12-28,0.048437
2012-12-31,0.04845
2013-01-01,0.048475000000000004
2013-01-02,0.048475000000000004
2013-01-03,0.048437
2013-01-04,0.04845
2013-01-07,0.048475000000000004
2013-01-08,0.048437
2013-01-09,0.048475000000000004
2013-01-10,0.048425
2013-01-11,0.048468
2013-01-14,0.048435
2013-01-15,0.04844299999999999
2013-01-16,0.048425
2013-01-17,0.048447
2013-01-18,0.048475000000000004
2013-01-21,0.048337000000000005
2013-01-22,0.04832499999999999
2013-01-23,0.048387
2013-01-24,0.0484
2013-01-25,0.04835
2013-01-28,0.0483
2013-01-29,0.04835
2013-01-30,0.048375
2013-01-31,0.0484
2013-02-01,0.0484
2013-02-04,0.04835
2013-02-05,0.04835
2013-02-06,0.04832499999999999
2013-02-07,0.048361999999999995
2013-02-08,0.04825
2013-02-11,0.04825
2013-02-12,0.048235
2013-02-13,0.048185000000000006
2013-02-14,0.048255
2013-02-15,0.0483
2013-02-18,0.04832499999999999
2013-02-19,0.048262
2013-02-20,0.048235
2013-02-21,0.048174999999999996
2013-02-22,0.048135000000000004
2013-02-25,0.048174999999999996
2013-02-26,0.048132
2013-02-27,0.048049999999999995
2013-02-28,0.047990000000000005
2013-03-01,0.04795
2013-03-04,0.047925
2013-03-05,0.047837
2013-03-06,0.04776
2013-03-07,0.047685000000000005
2013-03-08,0.04755
2013-03-11,0.043449999999999996
2013-03-12,0.043375000000000004
2013-03-13,0.0434
2013-03-14,0.043223000000000004
2013-03-15,0.04321
2013-03-18,0.04324
2013-03-19,0.04324
2013-03-20,0.043181000000000004
2013-03-21,0.04331
2013-03-22,0.04336
2013-03-25,0.043429999999999996
2013-03-26,0.043465
2013-03-27,0.043475
2013-03-28,0.043512
2013-03-29,0.043512
2013-04-01,0.043512
2013-04-02,0.04354
2013-04-03,0.043425000000000005
2013-04-04,0.043461999999999994
2013-04-05,0.043375000000000004
2013-04-08,0.043335
2013-04-09,0.043425000000000005
2013-04-10,0.043362
2013-04-11,0.043281
2013-04-12,0.043314000000000005
2013-04-15,0.043348000000000005
2013-04-16,0.043375000000000004
2013-04-17,0.043351
2013-04-18,0.043274999999999994
2013-04-19,0.043311999999999996
2013-04-22,0.043250000000000004
2013-04-23,0.043258
2013-04-24,0.043303
2013-04-25,0.043251
2013-04-26,0.043250000000000004
2013-04-29,0.043324999999999995
2013-04-30,0.043274999999999994
2013-05-01,0.043237
2013-05-02,0.043237
2013-05-03,0.043293
2013-05-06,0.043250000000000004
2013-05-07,0.043321
2013-05-08,0.04331
2013-05-09,0.043250000000000004
2013-05-10,0.043156
2013-05-13,0.04315
2013-05-14,0.043175
2013-05-15,0.04315
2013-05-16,0.043114999999999994
2013-05-17,0.043139000000000004
2013-05-20,0.04317
2013-05-21,0.043175
2013-05-22,0.04315
2013-05-23,0.043065
2013-05-24,0.04311
2013-05-27,0.043139000000000004
2013-05-28,0.043075
2013-05-29,0.043075
2013-05-30,0.043075
2013-05-31,0.04304
2013-06-03,0.043098
2013-06-04,0.04305
2013-06-05,0.043019999999999996
2013-06-06,0.043
2013-06-07,0.042975000000000006
2013-06-10,0.043
2013-06-11,0.042986
2013-06-12,0.042855
2013-06-13,0.042942
2013-06-14,0.042971
2013-06-17,0.04301
2013-06-18,0.043015
2013-06-19,0.043025
2013-06-20,0.043025
2013-06-21,0.04310800000000001
2013-06-24,0.043166
2013-06-25,0.043148
2013-06-26,0.043074
2013-06-27,0.043114999999999994
2013-06-28,0.043144
2013-07-01,0.043137
2013-07-02,0.04327
2013-07-03,0.04321
2013-07-04,0.043205
2013-07-05,0.043144999999999996
2013-07-08,0.043125
2013-07-09,0.043151999999999996
2013-07-10,0.043166
2013-07-11,0.04316
2013-07-12,0.043193
2013-07-15,0.0432
2013-07-16,0.0432
2013-07-17,0.043164999999999995
2013-07-18,0.043182
2013-07-19,0.043175
2013-07-22,0.0432
2013-07-23,0.0432
2013-07-24,0.04315
2013-07-25,0.043175
2013-07-26,0.0432
2013-07-29,0.0432
2013-07-30,0.0432
2013-07-31,0.0432
2013-08-01,0.0432
2013-08-02,0.04324
2013-08-05,0.04322
2013-08-06,0.04316
2013-08-07,0.043075
2013-08-08,0.043075
2013-08-09,0.043087
2013-08-12,0.04305
2013-08-13,0.043025
2013-08-14,0.043061999999999996
2013-08-15,0.042975000000000006
2013-08-16,0.042975000000000006
2013-08-19,0.043015
2013-08-20,0.043007
2013-08-21,0.043
2013-08-22,0.043043
2013-08-23,0.043
2013-08-26,0.043
2013-08-27,0.043
2013-08-28,0.043046
2013-08-29,0.04306
2013-08-30,0.043038
2013-09-02,0.043044
2013-09-03,0.043025
2013-09-04,0.04305
2013-09-05,0.043075
2013-09-06,0.043075
2013-09-09,0.04057
2013-09-10,0.04048
2013-09-11,0.04029
2013-09-12,0.040361
2013-09-13,0.040369999999999996
2013-09-16,0.040355999999999996
2013-09-17,0.040355999999999996
2013-09-18,0.0404
2013-09-19,0.040425
2013-09-20,0.040437
2013-09-23,0.040365000000000005
2013-09-24,0.0403
2013-09-25,0.040389999999999995
2013-09-26,0.040286
2013-09-27,0.040355
2013-09-30,0.040327
2013-10-01,0.040265
2013-10-02,0.04031
2013-10-03,0.040255
2013-10-04,0.040340999999999995
2013-10-07,0.040325
2013-10-08,0.04027
2013-10-09,0.040235
2013-10-10,0.0403
2013-10-11,0.04019999999999999
2013-10-14,0.040185000000000005
2013-10-15,0.040167
2013-10-16,0.040133
2013-10-17,0.0401
2013-10-18,0.0401
2013-10-21,0.040119999999999996
2013-10-22,0.040081
2013-10-23,0.040015
2013-10-24,0.040035
2013-10-25,0.039767000000000004
2013-10-28,0.037972
2013-10-29,0.0379
2013-10-30,0.03782
2013-10-31,0.037780999999999995
2013-11-01,0.037853
2013-11-04,0.037812
2013-11-05,0.037895
2013-11-06,0.03785
2013-11-07,0.03782
2013-11-08,0.037774999999999996
2013-11-11,0.037765
2013-11-12,0.037885
2013-11-13,0.037826
2013-11-14,0.037813
2013-11-15,0.037774999999999996
2013-11-18,0.037975
2013-11-19,0.037975
2013-11-20,0.037937
2013-11-21,0.037919999999999995
2013-11-22,0.037911
2013-11-25,0.038065
2013-11-26,0.037982
2013-11-27,0.038018
2013-11-28,0.038009
2013-11-29,0.03802
2013-12-02,0.03796
2013-12-03,0.0379
2013-12-04,0.037862
2013-12-05,0.037877
2013-12-06,0.037888000000000005
2013-12-09,0.037919
2013-12-10,0.037859
2013-12-11,0.037825000000000004
2013-12-12,0.0379
2013-12-13,0.0379
2013-12-16,0.037915000000000004
2013-12-17,0.037932
2013-12-18,0.037916
2013-12-19,0.037954
2013-12-20,0.037875
2013-12-23,0.037855
2013-12-24,0.037902
2013-12-25,0.037940999999999996
2013-12-26,0.037940999999999996
2013-12-27,0.037925
2013-12-30,0.037961999999999996
2013-12-31,0.0379
2014-01-01,0.03795
2014-01-02,0.03795
2014-01-03,0.03795
2014-01-06,0.037925
2014-01-07,0.037961999999999996
2014-01-08,0.037994
2014-01-09,0.038005
2014-01-10,0.037927
2014-01-13,0.037945
2014-01-14,0.037972
2014-01-15,0.037933
2014-01-16,0.037843
2014-01-17,0.037825000000000004
2014-01-20,0.037665000000000004
2014-01-21,0.037614999999999996
2014-01-22,0.03767
2014-01-23,0.037771
2014-01-24,0.037645
2014-01-27,0.03765
2014-01-28,0.03765
2014-01-29,0.03765
2014-01-30,0.037726
2014-01-31,0.037761
2014-02-03,0.037705
2014-02-04,0.037705
2014-02-05,0.037755000000000004
2014-02-06,0.037643
2014-02-07,0.037671
2014-02-10,0.037815
2014-02-11,0.03784
2014-02-12,0.037778
2014-02-13,0.03789
2014-02-14,0.037915000000000004
2014-02-17,0.037871999999999996
2014-02-18,0.03795
2014-02-19,0.038025
2014-02-20,0.03793
2014-02-21,0.037934999999999997
2014-02-24,0.037975
2014-02-25,0.037937
2014-02-26,0.038025
2014-02-27,0.037961999999999996
2014-02-28,0.037917
2014-03-03,0.037919
2014-03-04,0.037956
2014-03-05,0.037987
2014-03-06,0.038
2014-03-07,0.038012000000000004
2014-03-10,0.038006000000000005
2014-03-11,0.038025
2014-03-12,0.037937
2014-03-13,0.037918
2014-03-14,0.038
2014-03-17,0.038075
2014-03-18,0.038075
2014-03-19,0.03795
2014-03-20,0.038
2014-03-21,0.038012000000000004
2014-03-24,0.038062
2014-03-25,0.03805
2014-03-26,0.038125
2014-03-27,0.038067000000000004
2014-03-28,0.038033000000000004
2014-03-31,0.038125
2014-04-01,0.038149999999999996
2014-04-02,0.038125
2014-04-03,0.038157
2014-04-04,0.038125
2014-04-07,0.038012000000000004
2014-04-08,0.038054000000000004
2014-04-09,0.038132
2014-04-10,0.038087
2014-04-11,0.03804
2014-04-14,0.03796
2014-04-15,0.038
2014-04-16,0.038085
2014-04-17,0.03795
2014-04-18,0.03795
2014-04-21,0.03795
2014-04-22,0.03811
2014-04-23,0.038075
2014-04-24,0.038145
2014-04-25,0.038022
2014-04-28,0.038152
2014-04-29,0.037956
2014-04-30,0.03795
2014-05-01,0.037905
2014-05-02,0.037905
2014-05-05,0.038
2014-05-06,0.03805
2014-05-07,0.03798
2014-05-08,0.03801
2014-05-09,0.038149
2014-05-12,0.037987
2014-05-13,0.037934999999999997
2014-05-14,0.03809
2014-05-15,0.038171
2014-05-16,0.038075
2014-05-19,0.038084
2014-05-20,0.037948
2014-05-21,0.038
2014-05-22,0.038085
2014-05-23,0.038072
2014-05-26,0.03816
2014-05-27,0.037915000000000004
2014-05-28,0.038085
2014-05-29,0.037968
2014-05-30,0.037858
2014-06-02,0.037785
2014-06-03,0.038043
2014-06-04,0.038085
2014-06-05,0.038095
2014-06-06,0.038085
2014-06-09,0.03325
2014-06-10,0.03322
2014-06-11,0.033159999999999995
2014-06-12,0.033093
2014-06-13,0.033091
2014-06-16,0.033118
2014-06-17,0.033075
2014-06-18,0.033095
2014-06-19,0.0331
2014-06-20,0.0331
2014-06-23,0.033184
2014-06-24,0.0331
2014-06-25,0.033075
2014-06-26,0.033125
2014-06-27,0.033087
2014-06-30,0.03305
2014-07-01,0.033075
2014-07-02,0.033077
2014-07-03,0.033125
2014-07-04,0.033068
2014-07-07,0.033008
2014-07-08,0.032959999999999996
2014-07-09,0.032919000000000004
2014-07-10,0.032945
2014-07-11,0.03294
2014-07-14,0.033074
2014-07-15,0.033095
2014-07-16,0.032972
2014-07-17,0.03297
2014-07-18,0.032932
2014-07-21,0.032820999999999996
2014-07-22,0.032891
2014-07-23,0.032850000000000004
2014-07-24,0.032875
2014-07-25,0.032936
2014-07-28,0.03291
2014-07-29,0.032886
2014-07-30,0.033023
2014-07-31,0.033075
2014-08-01,0.0331
2014-08-04,0.033
2014-08-05,0.033125
2014-08-06,0.032965
2014-08-07,0.03297
2014-08-08,0.032935
2014-08-11,0.03298
2014-08-12,0.032972
2014-08-13,0.033010000000000005
2014-08-14,0.032941
2014-08-15,0.033025
2014-08-18,0.032983
2014-08-19,0.032925
2014-08-20,0.032864
2014-08-21,0.033025
2014-08-22,0.033025
2014-08-25,0.032975
2014-08-26,0.033025
2014-08-27,0.032925
2014-08-28,0.032951
2014-08-29,0.032975
2014-09-01,0.03286
2014-09-02,0.03291
2014-09-03,0.03291
2014-09-04,0.03295
2014-09-05,0.032826
2014-09-08,0.032925
2014-09-09,0.032925
2014-09-10,0.032926000000000004
2014-09-11,0.032818
2014-09-12,0.03293
2014-09-15,0.032926000000000004
2014-09-16,0.033065000000000004
2014-09-17,0.033065000000000004
2014-09-18,0.0329
2014-09-19,0.032975
2014-09-22,0.032975
2014-09-23,0.032865000000000005
2014-09-24,0.03282
2014-09-25,0.032825
2014-09-26,0.032768
2014-09-29,0.032741
2014-09-30,0.032916
2014-10-01,0.032793
2014-10-02,0.032896
2014-10-03,0.033
2014-10-06,0.03295
2014-10-07,0.03295
2014-10-08,0.03305
2014-10-09,0.032975
2014-10-10,0.032996
2014-10-13,0.0329
2014-10-14,0.033031000000000005
2014-10-15,0.032965
2014-10-16,0.032886
2014-10-17,0.032835
2014-10-20,0.032850000000000004
2014-10-21,0.032975
2014-10-22,0.033
2014-10-23,0.03295
2014-10-24,0.032875
2014-10-27,0.032838
2014-10-28,0.03295
2014-10-29,0.032902999999999995
2014-10-30,0.032762
2014-10-31,0.03281
2014-11-03,0.032799999999999996
2014-11-04,0.032938
2014-11-05,0.032819
2014-11-06,0.032755
2014-11-07,0.032798
2014-11-10,0.032762
2014-11-11,0.032746
2014-11-12,0.03295
2014-11-13,0.03295
2014-11-14,0.032799999999999996
2014-11-17,0.032799999999999996
2014-11-18,0.032799999999999996
2014-11-19,0.032775
2014-11-20,0.032775
2014-11-21,0.032977
2014-11-24,0.033025
2014-11-25,0.032975
2014-11-26,0.032904
2014-11-27,0.032957
2014-11-28,0.033085
2014-12-01,0.032965
2014-12-02,0.033025
2014-12-03,0.032941
2014-12-04,0.032875
2014-12-05,0.032850000000000004
2014-12-08,0.032975
2014-12-09,0.032975
2014-12-10,0.033007
2014-12-11,0.032928
2014-12-12,0.032975
2014-12-15,0.032975
2014-12-16,0.032975
2014-12-17,0.032996
2014-12-18,0.032996
2014-12-19,0.032996
2014-12-22,0.032975
2014-12-23,0.033112
2014-12-24,0.03312
2014-12-25,0.03306
2014-12-26,0.03306
2014-12-29,0.03302
2014-12-30,0.033066
2014-12-31,0.03311
2015-01-01,0.033205
2015-01-02,0.033205
2015-01-05,0.03324
2015-01-06,0.033225
2015-01-07,0.03305
2015-01-08,0.033
2015-01-09,0.033075
2015-01-12,0.033
2015-01-13,0.032885
2015-01-14,0.032991
2015-01-15,0.032975
2015-01-16,0.033025
2015-01-19,0.032962
2015-01-20,0.033017
2015-01-21,0.0329
2015-01-22,0.03295
2015-01-23,0.032925
2015-01-26,0.032975
2015-01-27,0.033039
2015-01-28,0.032977
2015-01-29,0.03305
2015-01-30,0.032875
2015-02-02,0.03295
2015-02-03,0.03295
2015-02-04,0.033010000000000005
2015-02-05,0.033
2015-02-06,0.032925
2015-02-09,0.03291
2015-02-10,0.032975
2015-02-11,0.032955
2015-02-12,0.032891
2015-02-13,0.033029
2015-02-16,0.032961
2015-02-17,0.032975
2015-02-18,0.033
2015-02-19,0.033
2015-02-20,0.03295
2015-02-23,0.032925
2015-02-24,0.033
2015-02-25,0.033025
2015-02-26,0.033041
2015-02-27,0.032925
2015-03-02,0.032987
2015-03-03,0.0329
2015-03-04,0.032934
2015-03-05,0.032953
2015-03-06,0.032875
2015-03-09,0.033037000000000004
2015-03-10,0.03305
2015-03-11,0.033075
2015-03-12,0.0331
2015-03-13,0.033025
2015-03-16,0.033112
2015-03-17,0.033112
2015-03-18,0.03314
2015-03-19,0.03309
2015-03-20,0.03299
2015-03-23,0.03303
2015-03-24,0.03305
2015-03-25,0.033083
2015-03-26,0.033075
2015-03-27,0.0331
2015-03-30,0.03305
2015-03-31,0.032955
2015-04-01,0.03299
2015-04-02,0.03295
2015-04-03,0.03295
2015-04-06,0.03295
2015-04-07,0.033
2015-04-08,0.0329
2015-04-09,0.03305
2015-04-10,0.0331
2015-04-13,0.033082
2015-04-14,0.033
2015-04-15,0.033
2015-04-16,0.032780000000000004
2015-04-17,0.032850000000000004
2015-04-20,0.03295
2015-04-21,0.032955
2015-04-22,0.03297
2015-04-23,0.03293
2015-04-24,0.033046
2015-04-27,0.033
2015-04-28,0.0329
2015-04-29,0.032875
2015-04-30,0.032975
2015-05-01,0.033062
2015-05-04,0.033062
2015-05-05,0.033
2015-05-06,0.03295
2015-05-07,0.033075
2015-05-08,0.033
2015-05-11,0.033
2015-05-12,0.033
2015-05-13,0.033065000000000004
2015-05-14,0.03302
2015-05-15,0.033
2015-05-18,0.032935
2015-05-19,0.032995000000000003
2015-05-20,0.032945
2015-05-21,0.0331
2015-05-22,0.03299
2015-05-25,0.033072
2015-05-26,0.03305
2015-05-27,0.033
2015-05-28,0.033025
2015-05-29,0.03295
2015-06-01,0.033
2015-06-02,0.033089
2015-06-03,0.033075
2015-06-04,0.033
2015-06-05,0.0331
2015-06-08,0.033105
2015-06-09,0.033094
2015-06-10,0.033
2015-06-11,0.03295
2015-06-12,0.033145
2015-06-15,0.033025
2015-06-16,0.03305
2015-06-17,0.03308
2015-06-18,0.0331
2015-06-19,0.0331
2015-06-22,0.033025
2015-06-23,0.033088
2015-06-24,0.033025
2015-06-25,0.032975
2015-06-26,0.03295
2015-06-29,0.033025
2015-06-30,0.033025
2015-07-01,0.0331
2015-07-02,0.033025
2015-07-03,0.033037000000000004
2015-07-06,0.033
2015-07-07,0.032987999999999996
2015-07-08,0.032925
2015-07-09,0.032966
2015-07-10,0.032959999999999996
2015-07-13,0.032956
2015-07-14,0.032987
2015-07-15,0.033075
2015-07-16,0.033095
2015-07-17,0.033025
2015-07-20,0.033
2015-07-21,0.033041999999999995
2015-07-22,0.033087
2015-07-23,0.03305
2015-07-24,0.033075
2015-07-27,0.0331
2015-07-28,0.03313
2015-07-29,0.03305
2015-07-30,0.033025
2015-07-31,0.033112
2015-08-03,0.03314
2015-08-04,0.033075
2015-08-05,0.0331
2015-08-06,0.033132
2015-08-07,0.0331
2015-08-10,0.033134000000000004
2015-08-11,0.033095
2015-08-12,0.033075
2015-08-13,0.033075
2015-08-14,0.033116
2015-08-17,0.0331
2015-08-18,0.03313
2015-08-19,0.0331
2015-08-20,0.033173
2015-08-21,0.03321
2015-08-24,0.033199
2015-08-25,0.033321
2015-08-26,0.03326
2015-08-27,0.0333
2015-08-28,0.03326
2015-08-31,0.0333
2015-09-01,0.03335
2015-09-02,0.03335
2015-09-03,0.033358
2015-09-04,0.03335
2015-09-07,0.03334
2015-09-08,0.03339
2015-09-09,0.03342
2015-09-10,0.033424999999999996
2015-09-11,0.033436
2015-09-14,0.033444
2015-09-15,0.033439
2015-09-16,0.033464999999999995
2015-09-17,0.033464999999999995
2015-09-18,0.033415
2015-09-21,0.033257
2015-09-22,0.0333
2015-09-23,0.033289
2015-09-24,0.0332
2015-09-25,0.033225
2015-09-28,0.03325
2015-09-29,0.03325
2015-09-30,0.03325
2015-10-01,0.033225
2015-10-02,0.033247
2015-10-05,0.033125
2015-10-06,0.0331
2015-10-07,0.033134000000000004
2015-10-08,0.03305
2015-10-09,0.033106
2015-10-12,0.0331
2015-10-13,0.033025
2015-10-14,0.03305
2015-10-15,0.033
2015-10-16,0.033
2015-10-19,0.03308
2015-10-20,0.0331
2015-10-21,0.033
2015-10-22,0.033
2015-10-23,0.032925
2015-10-26,0.0329
2015-10-27,0.0329
2015-10-28,0.033037000000000004
2015-10-29,0.033
2015-10-30,0.033
2015-11-02,0.033025
2015-11-03,0.033025
2015-11-04,0.033
2015-11-05,0.033005
2015-11-06,0.033025
2015-11-09,0.033025
2015-11-10,0.033098999999999996
2015-11-11,0.03315
2015-11-12,0.0331
2015-11-13,0.0332
2015-11-16,0.03326
2015-11-17,0.03326
2015-11-18,0.033225
2015-11-19,0.033318
2015-11-20,0.033225
2015-11-23,0.033325
2015-11-24,0.03326
2015-11-25,0.0333
2015-11-26,0.03323
2015-11-27,0.03315
2015-11-30,0.033174999999999996
2015-12-01,0.033116
2015-12-02,0.03325
2015-12-03,0.033358
2015-12-04,0.0334
2015-12-07,0.0333
2015-12-08,0.0334
2015-12-09,0.0335
2015-12-10,0.0336
2015-12-11,0.033525
2015-12-14,0.033555
2015-12-15,0.0334
2015-12-16,0.033621
2015-12-17,0.033825
2015-12-18,0.034249999999999996
2015-12-21,0.034714999999999996
2015-12-22,0.035042
2015-12-23,0.0353
2015-12-24,0.035316
2015-12-25,0.03535
2015-12-28,0.03535
2015-12-29,0.035505
2015-12-30,0.035525
2015-12-31,0.035475
2016-01-01,0.03555
2016-01-04,0.03555
2016-01-05,0.035575
2016-01-06,0.035539999999999995
2016-01-07,0.0356
2016-01-08,0.0356
2016-01-11,0.035545
2016-01-12,0.035539
2016-01-13,0.035505
2016-01-14,0.035579
2016-01-15,0.035543
2016-01-18,0.035547
2016-01-19,0.035598
2016-01-20,0.035551
2016-01-21,0.035539999999999995
2016-01-22,0.0356
2016-01-25,0.035545
2016-01-26,0.0356
2016-01-27,0.03561
2016-01-28,0.0356
2016-01-29,0.035551
2016-02-01,0.03557
2016-02-02,0.03557
2016-02-03,0.03555
2016-02-04,0.035588
2016-02-05,0.0356
2016-02-08,0.035616
2016-02-09,0.03558
2016-02-10,0.035598
2016-02-11,0.035541
2016-02-12,0.03555
2016-02-15,0.035476
2016-02-16,0.035483
2016-02-17,0.035543
2016-02-18,0.040350000000000004
2016-02-19,0.040303000000000005
2016-02-22,0.040350000000000004
2016-02-23,0.040316
2016-02-24,0.040507
2016-02-25,0.04054700000000001
2016-02-26,0.040555
2016-02-29,0.040500999999999995
2016-03-01,0.040594
2016-03-02,0.040576999999999995
2016-03-03,0.0406
2016-03-04,0.040601000000000005
2016-03-07,0.04064
2016-03-08,0.040625
2016-03-09,0.040606
2016-03-10,0.040601000000000005
2016-03-11,0.040606
2016-03-14,0.040613
2016-03-15,0.040625
2016-03-16,0.040645
2016-03-17,0.040647
2016-03-18,0.040648
2016-03-21,0.04066
2016-03-22,0.04066
2016-03-23,0.040650000000000006
2016-03-24,0.040674
2016-03-25,0.040674
2016-03-28,0.040674
2016-03-29,0.040650000000000006
2016-03-30,0.040625
2016-03-31,0.040650000000000006
2016-04-01,0.040650000000000006
2016-04-04,0.040625
2016-04-05,0.040650000000000006
2016-04-06,0.040652999999999995
2016-04-07,0.040660999999999996
2016-04-08,0.040650000000000006
2016-04-11,0.040624
2016-04-12,0.040625
2016-04-13,0.040625
2016-04-14,0.040618
2016-04-15,0.040650000000000006
2016-04-18,0.040650000000000006
2016-04-19,0.040652
2016-04-20,0.040625999999999995
2016-04-21,0.040650000000000006
2016-04-22,0.040650000000000006
2016-04-25,0.040625
2016-04-26,0.040650000000000006
2016-04-27,0.040655000000000004
2016-04-28,0.040650000000000006
2016-04-29,0.040650000000000006
2016-05-02,0.040655000000000004
2016-05-03,0.040650000000000006
2016-05-04,0.040625
2016-05-05,0.040633
2016-05-06,0.040637999999999994
2016-05-09,0.040650000000000006
2016-05-10,0.040610999999999994
2016-05-11,0.040598999999999996
2016-05-12,0.040603
2016-05-13,0.040607
2016-05-16,0.040650000000000006
2016-05-17,0.04066
2016-05-18,0.040650000000000006
2016-05-19,0.040650000000000006
2016-05-20,0.040812
2016-05-23,0.040775
2016-05-24,0.040936
2016-05-25,0.041081000000000006
2016-05-26,0.041124999999999995
2016-05-27,0.04095
2016-05-30,0.040975000000000004
2016-05-31,0.040970000000000006
2016-06-01,0.040999999999999995
2016-06-02,0.040957999999999994
2016-06-03,0.040965
2016-06-06,0.040926
2016-06-07,0.040915
2016-06-08,0.040886
2016-06-09,0.040925
2016-06-10,0.040869
2016-06-13,0.04095
2016-06-14,0.040986
2016-06-15,0.041100000000000005
2016-06-16,0.041037
2016-06-17,0.041046
2016-06-20,0.04105
2016-06-21,0.041090999999999996
2016-06-22,0.041100000000000005
2016-06-23,0.040995
2016-06-24,0.040995
2016-06-27,0.041041999999999995
2016-06-28,0.041185
2016-06-29,0.041131
2016-06-30,0.041116
2016-07-01,0.041138
2016-07-04,0.045599999999999995
2016-07-05,0.045605
2016-07-06,0.045715000000000006
2016-07-07,0.045774999999999996
2016-07-08,0.045820999999999994
2016-07-11,0.045759999999999995
2016-07-12,0.045758
2016-07-13,0.04580599999999999
2016-07-14,0.04585
2016-07-15,0.04589000000000001
2016-07-18,0.045899999999999996
2016-07-19,0.045899999999999996
2016-07-20,0.045875000000000006
2016-07-21,0.045908
2016-07-22,0.045854
2016-07-25,0.045849
2016-07-26,0.045895
2016-07-27,0.045899999999999996
2016-07-28,0.045882
2016-07-29,0.045874
2016-08-01,0.04585
2016-08-02,0.04585
2016-08-03,0.045835999999999995
2016-08-04,0.045828
2016-08-05,0.045874
2016-08-08,0.045860000000000005
2016-08-09,0.045906
2016-08-10,0.045899999999999996
2016-08-11,0.045899999999999996
2016-08-12,0.045875000000000006
2016-08-15,0.045916
2016-08-16,0.045911999999999994
2016-08-17,0.045911
2016-08-18,0.045937
2016-08-19,0.04595
2016-08-22,0.04595
2016-08-23,0.04594
2016-08-24,0.04595
2016-08-25,0.045925
2016-08-26,0.045925
2016-08-29,0.04595
2016-08-30,0.04595
2016-08-31,0.04595
2016-09-01,0.04595
2016-09-02,0.045925
2016-09-05,0.045925
2016-09-06,0.04595
2016-09-07,0.04595
2016-09-08,0.04595
2016-09-09,0.045899999999999996
2016-09-12,0.045906
2016-09-13,0.04591
2016-09-14,0.04595
2016-09-15,0.04595
2016-09-16,0.04595
2016-09-19,0.04595
2016-09-20,0.045951000000000006
2016-09-21,0.04625
2016-09-22,0.046275000000000004
2016-09-23,0.046342999999999995
2016-09-26,0.04638899999999999
2016-09-27,0.046369
2016-09-28,0.046398999999999996
2016-09-29,0.046439
2016-09-30,0.046683
2016-10-03,0.050725
2016-10-04,0.050934999999999994
2016-10-05,0.050975
2016-10-06,0.051025
2016-10-07,0.051050000000000005
2016-10-10,0.051100000000000007
2016-10-11,0.051065
2016-10-12,0.051069
2016-10-13,0.051121999999999994
2016-10-14,0.051100000000000007
2016-10-17,0.051115
2016-10-18,0.051100000000000007
2016-10-19,0.051134000000000006
2016-10-20,0.051125
2016-10-21,0.05115
2016-10-24,0.051247
2016-10-25,0.051178
2016-10-26,0.051155
2016-10-27,0.051162
2016-10-28,0.051163
2016-10-31,0.051102999999999996
2016-11-01,0.051086
2016-11-02,0.051143
2016-11-03,0.051143
2016-11-04,0.051118
2016-11-07,0.051136
2016-11-08,0.05115
2016-11-09,0.051173
2016-11-10,0.052018
2016-11-11,0.052359
2016-11-14,0.052469999999999996
2016-11-15,0.05285
2016-11-16,0.053099999999999994
2016-11-17,0.0535
2016-11-18,0.0538
2016-11-21,0.05595
2016-11-22,0.05595
2016-11-23,0.05575
2016-11-24,0.055725
2016-11-25,0.055762
2016-11-28,0.05575
2016-11-29,0.055677000000000004
2016-11-30,0.055738
2016-12-01,0.055735
2016-12-02,0.05585
2016-12-05,0.05589
2016-12-06,0.05595
2016-12-07,0.056035
2016-12-08,0.055983
2016-12-09,0.05605
2016-12-12,0.056013
2016-12-13,0.056013
2016-12-14,0.056019
2016-12-15,0.056048999999999995
2016-12-16,0.056274
2016-12-19,0.060803
2016-12-20,0.060925
2016-12-21,0.061025
2016-12-22,0.061075
2016-12-23,0.06105000000000001
2016-12-26,0.0611
2016-12-27,0.0611
2016-12-28,0.0611
2016-12-29,0.0611
2016-12-30,0.061066
2017-01-02,0.0611
2017-01-03,0.0611
2017-01-04,0.06115
2017-01-05,0.061200000000000004
2017-01-06,0.061200000000000004
2017-01-09,0.061200000000000004
2017-01-10,0.06115
2017-01-11,0.06115
2017-01-12,0.06115
2017-01-13,0.06115
2017-01-16,0.061175
2017-01-17,0.061186
2017-01-18,0.061276000000000004
2017-01-19,0.0613
2017-01-20,0.061375
2017-01-23,0.061386
2017-01-24,0.061424000000000006
2017-01-25,0.061475
2017-01-26,0.061475
2017-01-27,0.061475
2017-01-30,0.061536999999999994
2017-01-31,0.061524999999999996
2017-02-01,0.0616
2017-02-02,0.061615
2017-02-03,0.061625
2017-02-06,0.061703
2017-02-07,0.061703
2017-02-08,0.061695
2017-02-09,0.061822999999999996
2017-02-10,0.061958
2017-02-13,0.06585
2017-02-14,0.065871
2017-02-15,0.06588
2017-02-16,0.06595
2017-02-17,0.06595
2017-02-20,0.06595
2017-02-21,0.065965
2017-02-22,0.06595
2017-02-23,0.0659
2017-02-24,0.066
2017-02-27,0.06602999999999999
2017-02-28,0.06605
2017-03-01,0.066058
2017-03-02,0.066066
2017-03-03,0.066103
2017-03-06,0.066075
2017-03-07,0.066076
2017-03-08,0.06607199999999999
2017-03-09,0.06605
2017-03-10,0.066064
2017-03-13,0.0661
2017-03-14,0.0662
2017-03-15,0.0662
2017-03-16,0.06626699999999999
2017-03-17,0.066336
2017-03-20,0.066355
2017-03-21,0.066355
2017-03-22,0.066425
2017-03-23,0.066438
2017-03-24,0.066438
2017-03-27,0.06632500000000001
2017-03-28,0.066413
2017-03-29,0.0666
2017-03-30,0.066693
2017-03-31,0.066796
2017-04-03,0.06835
2017-04-04,0.068412
2017-04-05,0.06849
2017-04-06,0.06844800000000001
2017-04-07,0.068524
2017-04-10,0.068492
2017-04-11,0.06855
2017-04-12,0.068559
2017-04-13,0.06860000000000001
2017-04-14,0.06860000000000001
2017-04-17,0.06860000000000001
2017-04-18,0.0687
2017-04-19,0.068725
2017-04-20,0.068725
2017-04-21,0.0688
2017-04-24,0.0688
2017-04-25,0.06886
2017-04-26,0.068929
2017-04-27,0.069013
2017-04-28,0.068925
2017-05-01,0.06893500000000001
2017-05-02,0.06893500000000001
2017-05-03,0.068954
2017-05-04,0.068967
2017-05-05,0.068952
2017-05-08,0.06894700000000001
2017-05-09,0.0689
2017-05-10,0.068898
2017-05-11,0.06892999999999999
2017-05-12,0.06895
2017-05-15,0.068906
2017-05-16,0.068885
2017-05-17,0.06887599999999999
2017-05-18,0.068858
2017-05-19,0.068896
2017-05-22,0.070979
2017-05-23,0.071145
2017-05-24,0.0712
2017-05-25,0.0713
2017-05-26,0.071335
2017-05-29,0.07139999999999999
2017-05-30,0.07145
2017-05-31,0.071471
2017-06-01,0.07150000000000001
2017-06-02,0.07150000000000001
2017-06-05,0.071556
2017-06-06,0.07155
2017-06-07,0.0716
2017-06-08,0.071585
2017-06-09,0.07164799999999999
2017-06-12,0.071661
2017-06-13,0.0719
2017-06-14,0.071875
2017-06-15,0.07187299999999999
2017-06-16,0.07185
2017-06-19,0.07189899999999999
2017-06-20,0.07192899999999999
2017-06-21,0.071975
2017-06-22,0.07202
2017-06-23,0.0721
2017-06-26,0.073465
2017-06-27,0.07339999999999999
2017-06-28,0.0733
2017-06-29,0.073492
2017-06-30,0.0736
2017-07-03,0.07365000000000001
2017-07-04,0.073696
2017-07-05,0.0737
2017-07-06,0.0737
2017-07-07,0.073691
2017-07-10,0.07365000000000001
2017-07-11,0.073527
2017-07-12,0.07352500000000001
2017-07-13,0.073425
2017-07-14,0.07355
2017-07-17,0.073612
2017-07-18,0.07365000000000001
2017-07-19,0.07367499999999999
2017-07-20,0.07367499999999999
2017-07-21,0.073751
2017-07-24,0.07367499999999999
2017-07-25,0.073725
2017-07-26,0.073725
2017-07-27,0.073763
2017-07-28,0.07376
2017-07-31,0.073811
2017-08-01,0.07377500000000001
2017-08-02,0.07375
2017-08-03,0.073715
2017-08-04,0.07373
2017-08-07,0.07377500000000001
2017-08-08,0.073725
2017-08-09,0.07378
2017-08-10,0.07381
2017-08-11,0.073811
2017-08-14,0.07375
2017-08-15,0.073721
2017-08-16,0.073785
2017-08-17,0.073781
2017-08-18,0.073762
2017-08-21,0.073799
2017-08-22,0.07377500000000001
2017-08-23,0.07375
2017-08-24,0.073725
2017-08-25,0.0737
2017-08-28,0.073725
2017-08-29,0.073709
2017-08-30,0.073708
2017-08-31,0.073825
2017-09-01,0.07378
2017-09-04,0.073768
2017-09-05,0.073725
2017-09-06,0.073726
2017-09-07,0.07377500000000001
2017-09-08,0.07368999999999999
2017-09-11,0.07375
2017-09-12,0.073725
2017-09-13,0.07375
2017-09-14,0.0737
2017-09-15,0.073765
2017-09-18,0.07375
2017-09-19,0.07376
2017-09-20,0.07377500000000001
2017-09-21,0.07380099999999999
2017-09-22,0.073767
2017-09-25,0.073818
2017-09-26,0.073784
2017-09-27,0.07385
2017-09-28,0.0738
2017-09-29,0.073794
2017-10-02,0.073725
2017-10-03,0.073725
2017-10-04,0.07367499999999999
2017-10-05,0.073762
2017-10-06,0.073757
2017-10-09,0.073755
2017-10-10,0.073773
2017-10-11,0.073798
2017-10-12,0.07382
2017-10-13,0.073866
2017-10-16,0.0738
2017-10-17,0.073765
2017-10-18,0.073825
2017-10-19,0.073875
2017-10-20,0.07385
2017-10-23,0.07385
2017-10-24,0.073763
2017-10-25,0.073805
2017-10-26,0.073836
2017-10-27,0.0738
2017-10-30,0.073725
2017-10-31,0.073825
2017-11-01,0.07375
2017-11-02,0.07374399999999999
2017-11-03,0.07374399999999999
2017-11-06,0.073798
2017-11-07,0.073831
2017-11-08,0.07377500000000001
2017-11-09,0.073838
2017-11-10,0.073834
2017-11-13,0.073825
2017-11-14,0.07377
2017-11-15,0.0738
2017-11-16,0.073806
2017-11-17,0.073796
2017-11-20,0.073767
2017-11-21,0.073767
2017-11-22,0.073735
2017-11-23,0.073714
2017-11-24,0.07383200000000001
2017-11-27,0.073825
2017-11-28,0.073824
2017-11-29,0.073825
2017-11-30,0.073875
2017-12-01,0.073911
2017-12-04,0.073855
2017-12-05,0.07388
2017-12-06,0.073875
2017-12-07,0.073925
2017-12-08,0.07391600000000001
2017-12-11,0.07400999999999999
2017-12-12,0.07427500000000001
2017-12-13,0.07427500000000001
2017-12-14,0.0745
2017-12-15,0.0746
2017-12-18,0.07595
2017-12-19,0.076004
2017-12-20,0.076069
2017-12-21,0.076109
2017-12-22,0.076177
2017-12-25,0.07621
2017-12-26,0.07621
2017-12-27,0.07624
2017-12-28,0.07625
2017-12-29,0.076241
2018-01-01,0.076311
2018-01-02,0.076311
2018-01-03,0.07627500000000001
2018-01-04,0.07625
2018-01-05,0.07625
2018-01-08,0.076292
2018-01-09,0.076282
2018-01-10,0.07629999999999999
2018-01-11,0.076298
2018-01-12,0.076299
2018-01-15,0.076325
2018-01-16,0.076343
2018-01-17,0.07628700000000001
2018-01-18,0.076334
2018-01-19,0.076318
2018-01-22,0.07635
2018-01-23,0.076428
2018-01-24,0.07644999999999999
2018-01-25,0.076475
2018-01-26,0.076441
2018-01-29,0.07644999999999999
2018-01-30,0.07655
2018-01-31,0.076625
2018-02-01,0.0766
2018-02-02,0.076643
2018-02-05,0.07665
2018-02-06,0.07665
2018-02-07,0.07675
2018-02-08,0.076862
2018-02-09,0.077056
2018-02-12,0.0784
2018-02-13,0.0784
2018-02-14,0.07832
2018-02-15,0.07835
2018-02-16,0.07832499999999999
2018-02-19,0.07825
2018-02-20,0.078125
2018-02-21,0.07831199999999999
2018-02-22,0.0783
2018-02-23,0.07832499999999999
2018-02-26,0.07825
2018-02-27,0.078331
2018-02-28,0.078315
2018-03-01,0.078294
2018-03-02,0.078244
2018-03-05,0.078316
2018-03-06,0.078225
2018-03-07,0.07829900000000001
2018-03-08,0.0783
2018-03-09,0.078396
2018-03-12,0.078395
2018-03-13,0.07825
2018-03-14,0.0783
2018-03-15,0.0783
2018-03-16,0.07825
2018-03-19,0.07832499999999999
2018-03-20,0.07832499999999999
2018-03-21,0.078382
2018-03-22,0.078414
2018-03-23,0.07842500000000001
2018-03-26,0.07842500000000001
2018-03-27,0.078463
2018-03-28,0.078483
2018-03-29,0.078503
2018-03-30,0.078503
2018-04-02,0.078503
2018-04-03,0.07849300000000001
2018-04-04,0.078475
2018-04-05,0.078445
2018-04-06,0.078525
2018-04-09,0.078441
2018-04-10,0.07846
2018-04-11,0.078407
2018-04-12,0.078376
2018-04-13,0.078445
2018-04-16,0.078404
2018-04-17,0.078456
2018-04-18,0.07835
2018-04-19,0.07835
2018-04-20,0.078254
2018-04-23,0.078303
2018-04-24,0.07825
2018-04-25,0.07832499999999999
2018-04-26,0.078375
2018-04-27,0.078405
2018-04-30,0.078455
2018-05-01,0.078508
2018-05-02,0.078508
2018-05-03,0.078448
2018-05-04,0.078428
2018-05-07,0.078428
2018-05-08,0.07835
2018-05-09,0.07835
2018-05-10,0.07842500000000001
2018-05-11,0.078375
2018-05-14,0.078359
2018-05-15,0.078475
2018-05-16,0.078488
2018-05-17,0.078475
2018-05-18,0.0786
2018-05-21,0.07867600000000001
2018-05-22,0.078558
2018-05-23,0.078602
2018-05-24,0.07862
2018-05-25,0.078612
2018-05-28,0.078662
2018-05-29,0.078585
2018-05-30,0.078587
2018-05-31,0.0786
2018-06-01,0.07855000000000001
2018-06-04,0.0785
2018-06-05,0.078529
2018-06-06,0.07854599999999999
2018-06-07,0.07864
2018-06-08,0.078729
2018-06-11,0.0787
2018-06-12,0.078721
2018-06-13,0.0788
2018-06-14,0.078788
2018-06-15,0.07891
2018-06-18,0.078933
2018-06-19,0.07900299999999999
2018-06-20,0.078975
2018-06-21,0.079
2018-06-22,0.07915
2018-06-25,0.08070000000000001
2018-06-26,0.0808
2018-06-27,0.0809
2018-06-28,0.081
2018-06-29,0.08102999999999999
2018-07-02,0.081004
2018-07-03,0.081
2018-07-04,0.08108
2018-07-05,0.08107900000000001
2018-07-06,0.081083
2018-07-09,0.081068
2018-07-10,0.081075
2018-07-11,0.08102499999999999
2018-07-12,0.08109999999999999
2018-07-13,0.08105000000000001
2018-07-16,0.08105000000000001
2018-07-17,0.081067
2018-07-18,0.08109999999999999
2018-07-19,0.08109999999999999
2018-07-20,0.08105000000000001
2018-07-23,0.08110099999999999
2018-07-24,0.081068
2018-07-25,0.08102499999999999
2018-07-26,0.080805
2018-07-27,0.08095000000000001
2018-07-30,0.081
2018-07-31,0.08105000000000001
2018-08-01,0.081
2018-08-02,0.081
2018-08-03,0.08109999999999999
2018-08-06,0.08105000000000001
2018-08-07,0.081075
2018-08-08,0.081075
2018-08-09,0.08100199999999999
2018-08-10,0.081041
2018-08-13,0.08103500000000001
2018-08-14,0.08105000000000001
2018-08-15,0.081
2018-08-16,0.08105000000000001
2018-08-17,0.08109999999999999
2018-08-20,0.08109999999999999
2018-08-21,0.08106400000000001
2018-08-22,0.081075
2018-08-23,0.08109999999999999
2018-08-24,0.08106400000000001
2018-08-27,0.08112
2018-08-28,0.08109999999999999
2018-08-29,0.081043
2018-08-30,0.08109999999999999
2018-08-31,0.081038
2018-09-03,0.08108599999999999
2018-09-04,0.081018
2018-09-05,0.080988
2018-09-06,0.081075
2018-09-07,0.08103999999999999
2018-09-10,0.081015
2018-09-11,0.081149
2018-09-12,0.08115
2018-09-13,0.08110900000000001
2018-09-14,0.081195
2018-09-17,0.0812
2018-09-18,0.081165
2018-09-19,0.0812
2018-09-20,0.081225
2018-09-21,0.081227
2018-09-24,0.0812
2018-09-25,0.0812
2018-09-26,0.0812
2018-09-27,0.081225
2018-09-28,0.08115
2018-10-01,0.0812
2018-10-02,0.08115
2018-10-03,0.08109999999999999
2018-10-04,0.08115
2018-10-05,0.081125
2018-10-08,0.081125
2018-10-09,0.08112
2018-10-10,0.081122
2018-10-11,0.081195
2018-10-12,0.08115399999999999
2018-10-15,0.081134
2018-10-16,0.0812
2018-10-17,0.08115
2018-10-18,0.08115
2018-10-19,0.08115
2018-10-22,0.081106
2018-10-23,0.08108599999999999
2018-10-24,0.08115
2018-10-25,0.081125
2018-10-26,0.081275
2018-10-29,0.081215
2018-10-30,0.0814
2018-10-31,0.081539
2018-11-01,0.081675
2018-11-02,0.08172399999999999
2018-11-05,0.08172399999999999
2018-11-06,0.081651
2018-11-07,0.08164999999999999
2018-11-08,0.08175
2018-11-09,0.081825
2018-11-12,0.081887
2018-11-13,0.0819
2018-11-14,0.08187799999999999
2018-11-15,0.081923
2018-11-16,0.08205
2018-11-19,0.083177
2018-11-20,0.083177
2018-11-21,0.08316599999999999
2018-11-22,0.083107
2018-11-23,0.083158
2018-11-26,0.0832
2018-11-27,0.0832
2018-11-28,0.08335000000000001
2018-11-29,0.08345000000000001
2018-11-30,0.08336299999999999
2018-12-03,0.08332800000000001
2018-12-04,0.0833
2018-12-05,0.083438
2018-12-06,0.0834
2018-12-07,0.08335000000000001
2018-12-10,0.083472
2018-12-11,0.08341100000000001
2018-12-12,0.08355
2018-12-13,0.08355
2018-12-14,0.08349999999999999
2018-12-17,0.08349999999999999
2018-12-18,0.08352499999999999
2018-12-19,0.08365
2018-12-20,0.0837
2018-12-21,0.083837
2018-12-24,0.085575
2018-12-25,0.085825
2018-12-26,0.085825
2018-12-27,0.08574999999999999
2018-12-28,0.085892
2018-12-31,0.08595599999999999
2019-01-01,0.085897
2019-01-02,0.085897
2019-01-03,0.08598800000000001
2019-01-04,0.085938
2019-01-07,0.0859
2019-01-08,0.085875
2019-01-09,0.08585599999999999
2019-01-10,0.08585000000000001
2019-01-11,0.085841
2019-01-14,0.08595000000000001
2019-01-15,0.08595000000000001
2019-01-16,0.08595000000000001
2019-01-17,0.08592499999999999
2019-01-18,0.085831
2019-01-21,0.08592499999999999
2019-01-22,0.086
2019-01-23,0.08595000000000001
2019-01-24,0.085996
2019-01-25,0.085963
2019-01-28,0.08595000000000001
2019-01-29,0.085944
2019-01-30,0.0859
2019-01-31,0.085918
2019-02-01,0.08595000000000001
2019-02-04,0.085875
2019-02-05,0.085875
2019-02-06,0.08586
2019-02-07,0.08585000000000001
2019-02-08,0.08585000000000001
2019-02-11,0.08579
2019-02-12,0.08573499999999999
2019-02-13,0.085685
2019-02-14,0.08561
2019-02-15,0.085575
2019-02-18,0.08560000000000001
2019-02-19,0.085642
2019-02-20,0.085475
2019-02-21,0.08535
2019-02-22,0.08539899999999999
2019-02-25,0.08535
2019-02-26,0.08540800000000001
2019-02-27,0.08535399999999999
2019-02-28,0.085365
2019-03-01,0.08535
2019-03-04,0.085339
2019-03-05,0.08532500000000001
2019-03-06,0.0852
2019-03-07,0.08526500000000001
2019-03-08,0.08526
2019-03-11,0.08526
2019-03-12,0.0852
2019-03-13,0.08512499999999999
2019-03-14,0.085151
2019-03-15,0.085156
2019-03-18,0.08515
2019-03-19,0.08515
2019-03-20,0.085137
2019-03-21,0.085175
2019-03-22,0.08511200000000001
2019-03-25,0.08512499999999999
2019-03-26,0.08513799999999999
2019-03-27,0.085137
2019-03-28,0.0851
2019-03-29,0.085099
2019-04-01,0.08515
2019-04-02,0.0851
2019-04-03,0.084962
2019-04-04,0.085
2019-04-05,0.085
2019-04-08,0.08491
2019-04-09,0.08497500000000001
2019-04-10,0.084925
2019-04-11,0.084925
2019-04-12,0.084925
2019-04-15,0.084925
2019-04-16,0.08495
2019-04-17,0.084925
2019-04-18,0.08497
2019-04-19,0.08497
2019-04-22,0.08497
2019-04-23,0.08495
2019-04-24,0.08497500000000001
2019-04-25,0.085
2019-04-26,0.085021
2019-04-29,0.08504300000000001
2019-04-30,0.085
2019-05-01,0.085
2019-05-02,0.085
2019-05-03,0.08505499999999999
2019-05-06,0.08512499999999999
2019-05-07,0.085075
2019-05-08,0.085087
2019-05-09,0.08510999999999999
2019-05-10,0.08504300000000001
2019-05-13,0.085062
2019-05-14,0.085061
2019-05-15,0.085075
2019-05-16,0.085075
2019-05-17,0.08505000000000001
2019-05-20,0.08503999999999999
2019-05-21,0.085075
2019-05-22,0.085066
2019-05-23,0.085037
2019-05-24,0.08503500000000001
2019-05-27,0.085075
2019-05-28,0.085075
2019-05-29,0.085075
2019-05-30,0.085071
2019-05-31,0.085075
2019-06-03,0.085078
2019-06-04,0.085114
2019-06-05,0.08527
2019-06-06,0.08514300000000001
2019-06-07,0.08513899999999999
2019-06-10,0.085108
2019-06-11,0.0851
2019-06-12,0.08512499999999999
2019-06-13,0.085116
2019-06-14,0.085105
2019-06-17,0.085105
2019-06-18,0.08509800000000001
2019-06-19,0.08508800000000001
2019-06-20,0.08505000000000001
2019-06-21,0.08504300000000001
2019-06-24,0.085039
2019-06-25,0.084993
2019-06-26,0.08495100000000001
2019-06-27,0.08495
2019-06-28,0.08488
2019-07-01,0.08488699999999999
2019-07-02,0.08485
2019-07-03,0.08474999999999999
2019-07-04,0.08470000000000001
2019-07-05,0.084749
2019-07-08,0.08474999999999999
2019-07-09,0.084787
2019-07-10,0.084763
2019-07-11,0.0848
2019-07-12,0.084725
2019-07-15,0.08474999999999999
2019-07-16,0.084725
2019-07-17,0.084725
2019-07-18,0.08474999999999999
2019-07-19,0.08474999999999999
2019-07-22,0.08477499999999999
2019-07-23,0.08477499999999999
2019-07-24,0.08474999999999999
2019-07-25,0.08477499999999999
2019-07-26,0.08474
2019-07-29,0.08470000000000001
2019-07-30,0.084675
2019-07-31,0.08465
2019-08-01,0.084589
2019-08-02,0.084575
2019-08-05,0.084565
2019-08-06,0.084575
2019-08-07,0.084537
2019-08-08,0.084525
2019-08-09,0.08449
2019-08-12,0.08445
2019-08-13,0.08440500000000001
2019-08-14,0.084355
2019-08-15,0.084325
2019-08-16,0.084262
2019-08-19,0.0828
2019-08-20,0.08285000000000001
2019-08-21,0.08282500000000001
2019-08-22,0.08282
2019-08-23,0.082785
2019-08-26,0.082775
2019-08-27,0.08275
2019-08-28,0.08275
2019-08-29,0.082725
2019-08-30,0.08262499999999999
2019-09-02,0.08259999999999999
2019-09-03,0.082525
2019-09-04,0.0824
2019-09-05,0.08234999999999999
2019-09-06,0.08223000000000001
2019-09-09,0.082225
2019-09-10,0.082225
2019-09-11,0.082175
2019-09-12,0.0821
2019-09-13,0.08207
2019-09-16,0.08199999999999999
2019-09-17,0.08199999999999999
2019-09-18,0.08198499999999999
2019-09-19,0.08195000000000001
2019-09-20,0.0819
2019-09-23,0.08185
2019-09-24,0.081825
2019-09-25,0.081675
2019-09-26,0.081625
2019-09-27,0.081312
2019-09-30,0.08039999999999999
2019-10-01,0.080275
2019-10-02,0.08015
2019-10-03,0.08015
2019-10-04,0.08007500000000001
2019-10-07,0.08005000000000001
2019-10-08,0.080025
2019-10-09,0.08001200000000001
2019-10-10,0.08005000000000001
2019-10-11,0.08005000000000001
2019-10-14,0.080025
2019-10-15,0.079987
2019-10-16,0.07997499999999999
2019-10-17,0.07997499999999999
2019-10-18,0.07995000000000001
2019-10-21,0.079962
2019-10-22,0.079931
2019-10-23,0.07997499999999999
2019-10-24,0.079935
2019-10-25,0.079915
2019-10-28,0.079857
2019-10-29,0.07985
2019-10-30,0.07980000000000001
2019-10-31,0.079705
2019-11-01,0.079625
2019-11-04,0.0796
2019-11-05,0.07955
2019-11-06,0.079525
2019-11-07,0.07947
2019-11-08,0.07945
2019-11-11,0.07945
2019-11-12,0.079412
2019-11-13,0.079325
2019-11-14,0.079212
2019-11-15,0.078913
2019-11-18,0.078025
2019-11-19,0.078025
2019-11-20,0.07795
2019-11-21,0.07792500000000001
2019-11-22,0.0779
2019-11-25,0.077875
2019-11-26,0.07783699999999999
2019-11-27,0.07785
2019-11-28,0.07782499999999999
2019-11-29,0.077812
2019-12-02,0.077804
2019-12-03,0.077802
2019-12-04,0.077801
2019-12-05,0.07775
2019-12-06,0.077725
2019-12-09,0.07771
2019-12-10,0.07746
2019-12-11,0.0775
2019-12-12,0.077425
2019-12-13,0.077425
2019-12-16,0.077412
2019-12-17,0.077401
2019-12-18,0.07730000000000001
2019-12-19,0.07719999999999999
2019-12-20,0.077095
2019-12-23,0.0758
2019-12-24,0.07567499999999999
2019-12-25,0.07565000000000001
2019-12-26,0.07565000000000001
2019-12-27,0.075625
2019-12-30,0.075615
2019-12-31,0.075555
2020-01-01,0.07554999999999999
2020-01-02,0.07554999999999999
2020-01-03,0.07552500000000001
2020-01-06,0.075495
2020-01-07,0.075475
2020-01-08,0.07545
2020-01-09,0.075425
2020-01-10,0.075425
2020-01-13,0.075402
2020-01-14,0.075381
2020-01-15,0.075375
2020-01-16,0.0753
2020-01-17,0.07525
2020-01-20,0.0753
2020-01-21,0.07525
2020-01-22,0.075225
2020-01-23,0.07521499999999999
2020-01-24,0.075225
2020-01-27,0.075202
2020-01-28,0.0751
2020-01-29,0.07506499999999999
2020-01-30,0.07502500000000001
2020-01-31,0.075002
2020-02-03,0.074951
2020-02-04,0.074951
2020-02-05,0.07493699999999999
2020-02-06,0.07492499999999999
2020-02-07,0.07491500000000001
2020-02-10,0.074892
2020-02-11,0.074875
2020-02-12,0.074837
2020-02-13,0.074812
2020-02-14,0.0745
2020-02-17,0.0733
2020-02-18,0.07315
2020-02-19,0.0731
2020-02-20,0.07305
2020-02-21,0.073012
2020-02-24,0.07303
2020-02-25,0.073015
2020-02-26,0.073
2020-02-27,0.07295
2020-02-28,0.07295
2020-03-02,0.072925
2020-03-03,0.072812
2020-03-04,0.07264999999999999
2020-03-05,0.072525
2020-03-06,0.072412
2020-03-09,0.07235
2020-03-10,0.072275
2020-03-11,0.072262
2020-03-12,0.072175
2020-03-13,0.072187
2020-03-16,0.07217
2020-03-17,0.07217
2020-03-18,0.0721
2020-03-19,0.072075
2020-03-20,0.07205
2020-03-23,0.07202499999999999
2020-03-24,0.06815
2020-03-25,0.06785000000000001
2020-03-26,0.067675
2020-03-27,0.06758700000000001
2020-03-30,0.067487
2020-03-31,0.0674
2020-04-01,0.06709999999999999
2020-04-02,0.067025
2020-04-03,0.067
2020-04-06,0.0669
2020-04-07,0.06684999999999999
2020-04-08,0.066775
2020-04-09,0.066487
2020-04-10,0.066487
2020-04-13,0.066487
2020-04-14,0.066418
2020-04-15,0.066385
2020-04-16,0.066292
2020-04-17,0.066196
2020-04-20,0.066142
2020-04-21,0.06611500000000001
2020-04-22,0.06607
2020-04-23,0.062725
2020-04-24,0.06266200000000001
2020-04-27,0.062645
2020-04-28,0.062607
2020-04-29,0.062592
2020-04-30,0.06256
2020-05-01,0.062474999999999996
2020-05-04,0.062474999999999996
2020-05-05,0.06245
2020-05-06,0.062424999999999994
2020-05-07,0.06240999999999999
2020-05-08,0.062395
2020-05-11,0.062356999999999996
2020-05-12,0.062314999999999995
2020-05-13,0.062277
2020-05-14,0.061959999999999994
2020-05-15,0.061772
2020-05-18,0.057800000000000004
2020-05-19,0.057775
2020-05-20,0.057727
2020-05-21,0.057687999999999996
2020-05-22,0.057644
2020-05-25,0.057622
2020-05-26,0.05755
2020-05-27,0.05752500000000001
2020-05-28,0.057482
2020-05-29,0.057441000000000006
2020-06-01,0.057394999999999995
2020-06-02,0.057347
2020-06-03,0.057325
2020-06-04,0.057286000000000004
2020-06-05,0.057229
2020-06-08,0.057089
2020-06-09,0.05696
2020-06-10,0.056924
2020-06-11,0.05685
2020-06-12,0.05681
2020-06-15,0.056764999999999996
2020-06-16,0.05673
2020-06-17,0.05671
2020-06-18,0.056655
2020-06-19,0.056609999999999994
2020-06-22,0.05656
2020-06-23,0.05655
2020-06-24,0.056505
2020-06-25,0.056452
2020-06-26,0.056101
2020-06-29,0.052975
2020-06-30,0.052887
2020-07-01,0.052843
2020-07-02,0.052665
2020-07-03,0.0526
2020-07-06,0.052562
2020-07-07,0.05255
2020-07-08,0.052504999999999996
2020-07-09,0.052457000000000004
2020-07-10,0.052430000000000004
2020-07-13,0.052385
2020-07-14,0.052371999999999995
2020-07-15,0.05235
2020-07-16,0.052305000000000004
2020-07-17,0.052292
2020-07-20,0.05225
2020-07-21,0.052225
2020-07-22,0.05219
2020-07-23,0.052175
2020-07-24,0.052074999999999996
2020-07-27,0.052039999999999996
2020-07-28,0.052042000000000005
2020-07-29,0.052000000000000005
2020-07-30,0.051975
2020-07-31,0.05195
2020-08-03,0.051925
2020-08-04,0.051877000000000006
2020-08-05,0.051840000000000004
2020-08-06,0.05178
2020-08-07,0.05174
2020-08-10,0.051702000000000005
2020-08-11,0.051687000000000004
2020-08-12,0.051668000000000006
2020-08-13,0.051359
2020-08-14,0.051292
2020-08-17,0.048036
2020-08-18,0.04797
2020-08-19,0.047935
2020-08-20,0.047895
2020-08-21,0.047874999999999994
2020-08-24,0.047845000000000006
2020-08-25,0.047792
2020-08-26,0.047775
2020-08-27,0.04775
2020-08-28,0.047725
2020-08-31,0.04769
2020-09-01,0.047677
2020-09-02,0.04764
2020-09-03,0.047619999999999996
2020-09-04,0.047584999999999995
2020-09-07,0.047602000000000005
2020-09-08,0.047576
2020-09-09,0.04753
2020-09-10,0.047522
2020-09-11,0.047512
2020-09-14,0.047507
2020-09-15,0.04746
2020-09-16,0.047422000000000006
2020-09-17,0.047422000000000006
2020-09-18,0.047415000000000006
2020-09-21,0.047367
2020-09-22,0.047335
2020-09-23,0.047325
2020-09-24,0.04729
2020-09-25,0.047275
2020-09-28,0.045605
2020-09-29,0.0455
2020-09-30,0.045495
2020-10-01,0.045485
2020-10-02,0.045487
2020-10-05,0.045445
2020-10-06,0.04542500000000001
2020-10-07,0.04543
2020-10-08,0.04542500000000001
2020-10-09,0.04542500000000001
2020-10-12,0.04539
2020-10-13,0.045345
2020-10-14,0.04537
2020-10-15,0.045357
2020-10-16,0.045309999999999996
2020-10-19,0.045306
2020-10-20,0.045255000000000004
2020-10-21,0.045250000000000005
2020-10-22,0.045250000000000005
2020-10-23,0.045207
2020-10-26,0.045222
2020-10-27,0.045225
2020-10-28,0.045215
2020-10-29,0.04516200000000001
2020-10-30,0.045155
2020-11-02,0.045125
2020-11-03,0.045125
2020-11-04,0.04516
2020-11-05,0.045110000000000004
2020-11-06,0.04506
2020-11-09,0.04503
2020-11-10,0.045
2020-11-11,0.045007
2020-11-12,0.044987000000000006
2020-11-13,0.044930000000000005
2020-11-16,0.04505
2020-11-17,0.04505
2020-11-18,0.045025
2020-11-19,0.044985
2020-11-20,0.044952
2020-11-23,0.044925
2020-11-24,0.044925
2020-11-25,0.0449
2020-11-26,0.044875
2020-11-27,0.044835
2020-11-30,0.044855
2020-12-01,0.044871999999999995
2020-12-02,0.044885
2020-12-03,0.044889
2020-12-04,0.044844999999999996
2020-12-07,0.044825
2020-12-08,0.044825
2020-12-09,0.044819000000000005
2020-12-10,0.044775
2020-12-11,0.044782
2020-12-14,0.044775
2020-12-15,0.044745
2020-12-16,0.04471
2020-12-17,0.045
2020-12-18,0.044965000000000005
2020-12-21,0.04494
2020-12-22,0.044950000000000004
2020-12-23,0.044922000000000004
2020-12-24,0.044882
2020-12-25,0.044878
2020-12-28,0.044878
2020-12-29,0.044875
2020-12-30,0.04485
2020-12-31,0.04484200000000001
2021-01-01,0.044805000000000005
2021-01-04,0.044805000000000005
2021-01-05,0.044809999999999996
2021-01-06,0.044812000000000005
2021-01-07,0.044775999999999996
2021-01-08,0.044775
2021-01-11,0.044775
2021-01-12,0.04475
2021-01-13,0.044716
2021-01-14,0.0447
2021-01-15,0.044676999999999994
2021-01-18,0.044675
2021-01-19,0.04465499999999999
2021-01-20,0.044667000000000005
2021-01-21,0.044637
2021-01-22,0.044615
2021-01-25,0.044615
2021-01-26,0.044592
2021-01-27,0.044565
2021-01-28,0.044542
2021-01-29,0.04452
2021-02-01,0.044500000000000005
2021-02-02,0.044500000000000005
2021-02-03,0.044504
2021-02-04,0.044477
2021-02-05,0.044465000000000005
2021-02-08,0.044437
2021-02-09,0.044425
2021-02-10,0.04442
2021-02-11,0.044414999999999996
2021-02-12,0.04449
2021-02-15,0.04294800000000001
2021-02-16,0.042925000000000005
2021-02-17,0.042915
2021-02-18,0.04289
2021-02-19,0.042874999999999996
2021-02-22,0.042865
2021-02-23,0.042874999999999996
2021-02-24,0.042862
2021-02-25,0.042831
2021-02-26,0.042824999999999995
2021-03-01,0.042812
2021-03-02,0.042824999999999995
2021-03-03,0.042813
2021-03-04,0.042824999999999995
2021-03-05,0.042824999999999995
2021-03-08,0.04282
2021-03-09,0.04285
2021-03-10,0.042839999999999996
2021-03-11,0.042845
2021-03-12,0.042845
2021-03-15,0.04283000000000001
2021-03-16,0.04283000000000001
2021-03-17,0.042824999999999995
2021-03-18,0.042812
2021-03-19,0.042812
2021-03-22,0.04285
2021-03-23,0.04283699999999999
2021-03-24,0.042824999999999995
2021-03-25,0.042824999999999995
2021-03-26,0.04283000000000001
2021-03-29,0.042862
2021-03-30,0.04285
2021-03-31,0.042874999999999996
2021-04-01,0.042874999999999996
2021-04-02,0.042874999999999996
2021-04-05,0.042874999999999996
2021-04-06,0.04288
2021-04-07,0.042885
2021-04-08,0.042874999999999996
2021-04-09,0.042874999999999996
2021-04-12,0.042885
2021-04-13,0.042874999999999996
2021-04-14,0.042885
2021-04-15,0.04285
2021-04-16,0.042831
2021-04-19,0.042815000000000006
2021-04-20,0.042824999999999995
2021-04-21,0.042829
2021-04-22,0.042809999999999994
2021-04-23,0.042809999999999994
2021-04-26,0.042824999999999995
2021-04-27,0.042809999999999994
2021-04-28,0.042809999999999994
2021-04-29,0.042809999999999994
2021-04-30,0.04283000000000001
2021-05-03,0.04285
2021-05-04,0.042851999999999994
2021-05-05,0.042859999999999995
2021-05-06,0.042839999999999996
2021-05-07,0.04283699999999999
2021-05-10,0.04283699999999999
2021-05-11,0.04285
2021-05-12,0.042874999999999996
2021-05-13,0.042872
2021-05-14,0.042897
2021-05-17,0.0429
2021-05-18,0.042892
2021-05-19,0.04289
2021-05-20,0.042885
2021-05-21,0.042745
2021-05-24,0.042815000000000006
2021-05-25,0.042824
2021-05-26,0.042815000000000006
2021-05-27,0.04285
2021-05-28,0.04285
2021-05-31,0.042839999999999996
2021-06-01,0.04283000000000001
2021-06-02,0.042824999999999995
2021-06-03,0.042824999999999995
2021-06-04,0.042809999999999994
2021-06-07,0.042822
2021-06-08,0.042815000000000006
2021-06-09,0.04285
2021-06-10,0.042827000000000004
2021-06-11,0.04282
2021-06-14,0.04285
2021-06-15,0.042859
2021-06-16,0.042874999999999996
2021-06-17,0.04285
2021-06-18,0.042855
2021-06-21,0.042856
2021-06-22,0.04285
2021-06-23,0.04285
2021-06-24,0.042827000000000004
2021-06-25,0.042863
2021-06-28,0.0452
2021-06-29,0.0453
2021-06-30,0.045292000000000006
2021-07-01,0.04529
2021-07-02,0.04529
2021-07-05,0.04526500000000001
2021-07-06,0.04526500000000001
2021-07-07,0.045245
2021-07-08,0.04524
2021-07-09,0.045235000000000004
2021-07-12,0.045250000000000005
2021-07-13,0.04524
2021-07-14,0.045225
2021-07-15,0.045245
2021-07-16,0.045227
2021-07-19,0.045215
2021-07-20,0.045215
2021-07-21,0.044922000000000004
2021-07-22,0.045055
2021-07-23,0.04514
2021-07-26,0.04514
2021-07-27,0.045129999999999997
2021-07-28,0.045125
2021-07-29,0.045149999999999996
2021-07-30,0.045141999999999995
2021-08-02,0.045134999999999995
2021-08-03,0.045125
2021-08-04,0.04514
2021-08-05,0.045125
2021-08-06,0.045133
2021-08-09,0.045114999999999995
2021-08-10,0.045125
2021-08-11,0.04514700000000001
2021-08-12,0.0452
2021-08-13,0.045315
2021-08-16,0.047525000000000005
2021-08-17,0.047532
2021-08-18,0.047527999999999994
2021-08-19,0.04755
2021-08-20,0.047575000000000006
2021-08-23,0.047587000000000004
2021-08-24,0.04755
2021-08-25,0.047544
2021-08-26,0.047545000000000004
2021-08-27,0.047502
2021-08-30,0.0475
2021-08-31,0.047510000000000004
2021-09-01,0.04749
2021-09-02,0.047502
2021-09-03,0.047455
2021-09-06,0.047424999999999995
2021-09-07,0.047436
2021-09-08,0.047471
2021-09-09,0.047485
2021-09-10,0.047445
2021-09-13,0.04745
2021-09-14,0.047424999999999995
2021-09-15,0.04745
2021-09-16,0.04745
2021-09-17,0.04745
2021-09-20,0.04745
2021-09-21,0.047439999999999996
2021-09-22,0.047445
2021-09-23,0.047474999999999996
2021-09-24,0.047474999999999996
2021-09-27,0.047465
2021-09-28,0.047474999999999996
2021-09-29,0.047487
2021-09-30,0.04749
2021-10-01,0.047515
2021-10-04,0.04965
2021-10-05,0.049825
2021-10-06,0.049850000000000005
2021-10-07,0.049874999999999996
2021-10-08,0.049825
2021-10-11,0.049850000000000005
2021-10-12,0.049862000000000004
2021-10-13,0.049825
2021-10-14,0.049857
2021-10-15,0.049805999999999996
2021-10-18,0.049855000000000003
2021-10-19,0.049874999999999996
2021-10-20,0.049825
2021-10-21,0.049825
2021-10-22,0.049912
2021-10-25,0.049925
2021-10-26,0.04995
2021-10-27,0.04995
2021-10-28,0.04995
2021-10-29,0.049962
2021-11-01,0.049975
2021-11-02,0.050004
2021-11-03,0.050004
2021-11-04,0.050022000000000004
2021-11-05,0.04975399999999999
2021-11-08,0.049901999999999995
2021-11-09,0.04995
2021-11-10,0.049975
2021-11-11,0.049987000000000004
2021-11-12,0.050010000000000006
2021-11-15,0.052199999999999996
2021-11-16,0.052199999999999996
2021-11-17,0.052300000000000006
2021-11-18,0.05229
2021-11-19,0.052335
2021-11-22,0.052362
2021-11-23,0.052368
2021-11-24,0.052375
2021-11-25,0.05235
2021-11-26,0.05235
2021-11-29,0.052324999999999997
2021-11-30,0.052275
2021-12-01,0.052275
2021-12-02,0.052309999999999995
2021-12-03,0.05231499999999999
2021-12-06,0.052270000000000004
2021-12-07,0.052324999999999997
2021-12-08,0.052371999999999995
2021-12-09,0.05235
2021-12-10,0.0524
2021-12-13,0.052362
2021-12-14,0.052377
2021-12-15,0.052389
2021-12-16,0.052382
2021-12-17,0.052491
2021-12-20,0.057
2021-12-21,0.0571
2021-12-22,0.0571
2021-12-23,0.05712
2021-12-24,0.057122
2021-12-27,0.057135
2021-12-28,0.05714
2021-12-29,0.057157
2021-12-30,0.05715
2021-12-31,0.05715
2022-01-03,0.05715
2022-01-04,0.057175000000000004
2022-01-05,0.057165
2022-01-06,0.05718
2022-01-07,0.057185
2022-01-10,0.057190000000000005
2022-01-11,0.057190000000000005
2022-01-12,0.057210000000000004
2022-01-13,0.057225
2022-01-14,0.057225
2022-01-17,0.057214999999999995
2022-01-18,0.05722000000000001
2022-01-19,0.057225
2022-01-20,0.05726200000000001
2022-01-21,0.05728
2022-01-24,0.057276999999999995
2022-01-25,0.057298
2022-01-26,0.057319
2022-01-27,0.05733
2022-01-28,0.05733
2022-01-31,0.05734
2022-02-01,0.057365000000000006
2022-02-02,0.05738000000000001
2022-02-03,0.05739
2022-02-04,0.057415
2022-02-07,0.05742
2022-02-08,0.05742
2022-02-09,0.05745
2022-02-10,0.05745
2022-02-11,0.057537000000000005
2022-02-14,0.062012
2022-02-15,0.062256
2022-02-16,0.062325
2022-02-17,0.062375
2022-02-18,0.062325
2022-02-21,0.062275
2022-02-22,0.06225
2022-02-23,0.06225
2022-02-24,0.06221
2022-02-25,0.062279999999999995
2022-02-28,0.06234
2022-03-01,0.062367
2022-03-02,0.062395
2022-03-03,0.06240999999999999
2022-03-04,0.062362
2022-03-07,0.062314999999999995
2022-03-08,0.0623
2022-03-09,0.0623
2022-03-10,0.06235
2022-03-11,0.062375
2022-03-14,0.062375
2022-03-15,0.062424999999999994
2022-03-16,0.062487
2022-03-17,0.062523
2022-03-18,0.0626
2022-03-21,0.062625
2022-03-22,0.062625
2022-03-23,0.06275
2022-03-24,0.06282499999999999
2022-03-25,0.062912
2022-03-28,0.067175
2022-03-29,0.067237
2022-03-30,0.06726499999999999
2022-03-31,0.06726499999999999
2022-04-01,0.06722500000000001
2022-04-04,0.06721
2022-04-05,0.06722500000000001
2022-04-06,0.06721
2022-04-07,0.06725500000000001
2022-04-08,0.06727699999999999
2022-04-11,0.067285
2022-04-12,0.06726
2022-04-13,0.0673
2022-04-14,0.067345
2022-04-15,0.067345
2022-04-18,0.067345
2022-04-19,0.06737
2022-04-20,0.067304
2022-04-21,0.0673
2022-04-22,0.06735000000000001
2022-04-25,0.067325
2022-04-26,0.0674
2022-04-27,0.06745
2022-04-28,0.06745
2022-04-29,0.06750600000000001
2022-05-02,0.067525
2022-05-03,0.06756999999999999
2022-05-04,0.067556
2022-05-05,0.067603
2022-05-06,0.06765
2022-05-09,0.06765
2022-05-10,0.067725
2022-05-11,0.06795
2022-05-12,0.068075
2022-05-13,0.068199
2022-05-16,0.07235
2022-05-17,0.07218
2022-05-18,0.072087
2022-05-19,0.07205
2022-05-20,0.07203
2022-05-23,0.07202
2022-05-24,0.072075
2022-05-25,0.072187
2022-05-26,0.072107
2022-05-27,0.07207
2022-05-30,0.07214999999999999
2022-05-31,0.072225
2022-06-01,0.07225
2022-06-02,0.0723
2022-06-03,0.072355
2022-06-06,0.072335
2022-06-07,0.07242
2022-06-08,0.072465
2022-06-09,0.072627
2022-06-10,0.07267
2022-06-13,0.072715
2022-06-14,0.0728
2022-06-15,0.072855
2022-06-16,0.073025
2022-06-17,0.073225
2022-06-20,0.0733
2022-06-21,0.07337500000000001
2022-06-22,0.07355
2022-06-23,0.07377500000000001
2022-06-24,0.073913
2022-06-27,0.08012499999999999
2022-06-28,0.08018
2022-06-29,0.08025499999999999
2022-06-30,0.080245
2022-07-01,0.080303
2022-07-04,0.08032
2022-07-05,0.08025
2022-07-06,0.080303
2022-07-07,0.08032
2022-07-08,0.0803
2022-07-11,0.080315
2022-07-12,0.080375
2022-07-13,0.0803
2022-07-14,0.080365
2022-07-15,0.08035
2022-07-18,0.080245
2022-07-19,0.0802
2022-07-20,0.0803
2022-07-21,0.08039999999999999
2022-07-22,0.08045
2022-07-25,0.08044499999999999
2022-07-26,0.08044000000000001
2022-07-27,0.0805
2022-07-28,0.0806
2022-07-29,0.08074999999999999
2022-08-01,0.0808
2022-08-02,0.08091200000000001
2022-08-03,0.08105000000000001
2022-08-04,0.08107400000000001
2022-08-05,0.08118700000000001
2022-08-08,0.08119
2022-08-09,0.081225
2022-08-10,0.081312
2022-08-11,0.081624
2022-08-12,0.081787
2022-08-15,0.08775000000000001
2022-08-16,0.08761200000000001
2022-08-17,0.087706
2022-08-18,0.08768000000000001
2022-08-19,0.087728
2022-08-22,0.08776300000000001
2022-08-23,0.08781
2022-08-24,0.08782999999999999
2022-08-25,0.08800000000000001
2022-08-26,0.08807999999999999
2022-08-29,0.08811999999999999
2022-08-30,0.088148
2022-08-31,0.088163
2022-09-01,0.08821
2022-09-02,0.088235
2022-09-05,0.0882
2022-09-06,0.088177
2022-09-07,0.088196
2022-09-08,0.08835000000000001
2022-09-09,0.08843
2022-09-12,0.08852700000000001
2022-09-13,0.088599
2022-09-14,0.088699
2022-09-15,0.088787
2022-09-16,0.08891199999999999
2022-09-19,0.08891199999999999
2022-09-20,0.089006
2022-09-21,0.08915
2022-09-22,0.08927500000000001
2022-09-23,0.089395
2022-09-26,0.089509
2022-09-27,0.08958500000000001
2022-09-28,0.08979200000000001
2022-09-29,0.08989599999999999
2022-09-30,0.0902
2022-10-03,0.09535
2022-10-04,0.095366
2022-10-05,0.095453
2022-10-06,0.095515
2022-10-07,0.095451
2022-10-10,0.095465
2022-10-11,0.09545
2022-10-12,0.095515
2022-10-13,0.095595
2022-10-14,0.095635
2022-10-17,0.095655
2022-10-18,0.095665
2022-10-19,0.09567
2022-10-20,0.095663
2022-10-21,0.09567
2022-10-24,0.09567500000000001
2022-10-25,0.09574999999999999
2022-10-26,0.09584
2022-10-27,0.09591
2022-10-28,0.0959
2022-10-31,0.09594
2022-11-01,0.09596
2022-11-02,0.09597
2022-11-03,0.09597
2022-11-04,0.09605999999999999
2022-11-07,0.09612
2022-11-08,0.096125
2022-11-09,0.0962
2022-11-10,0.09630000000000001
2022-11-11,0.0965
2022-11-14,0.10220000000000001
2022-11-15,0.10235
2022-11-16,0.10245699999999999
2022-11-17,0.1024
2022-11-18,0.102395
2022-11-21,0.10249499999999999
2022-11-22,0.10249499999999999
2022-11-23,0.102487
2022-11-24,0.102599
2022-11-25,0.102694
2022-11-28,0.10274900000000001
2022-11-29,0.102857
2022-11-30,0.102875
2022-12-01,0.102935
2022-12-02,0.102987
2022-12-05,0.10308999999999999
2022-12-06,0.103162
2022-12-07,0.103249
2022-12-08,0.10328699999999999
2022-12-09,0.103343
2022-12-12,0.103471
2022-12-13,0.103471
2022-12-14,0.103535
2022-12-15,0.103612
2022-12-16,0.103737
2022-12-19,0.107125
2022-12-20,0.10715
2022-12-21,0.10722
2022-12-22,0.10735900000000001
2022-12-23,0.10737500000000001
2022-12-26,0.107472
2022-12-27,0.10744999999999999
2022-12-28,0.107545
2022-12-29,0.10762000000000001
2022-12-30,0.107605
2023-01-02,0.10769999999999999
2023-01-03,0.107775
2023-01-04,0.10776999999999999
2023-01-05,0.107663
2023-01-06,0.10768000000000001
2023-01-09,0.10769000000000001
2023-01-10,0.107745
2023-01-11,0.107675
2023-01-12,0.107675
2023-01-13,0.107675
2023-01-16,0.1076
2023-01-17,0.10775
2023-01-18,0.107775
2023-01-19,0.10787200000000001
2023-01-20,0.10788500000000001
2023-01-23,0.107899
2023-01-24,0.107924
2023-01-25,0.10791
2023-01-26,0.107965
2023-01-27,0.10795500000000001
2023-01-30,0.10805
2023-01-31,0.10816200000000001
2023-02-01,0.108125
2023-02-02,0.10827400000000001
2023-02-03,0.10833500000000001
2023-02-06,0.108449
2023-02-07,0.108449
2023-02-08,0.108512
2023-02-09,0.10860500000000001
2023-02-10,0.10880000000000001
2023-02-13,0.11227499999999999
2023-02-14,0.11234899999999999
2023-02-15,0.11237
2023-02-16,0.11243
2023-02-17,0.11241
2023-02-20,0.11245
2023-02-21,0.112545
2023-02-22,0.112642
2023-02-23,0.11260400000000001
2023-02-24,0.1127
2023-02-27,0.11275
2023-02-28,0.11265499999999999
2023-03-01,0.11273999999999999
2023-03-02,0.112675
2023-03-03,0.112775
2023-03-06,0.11282299999999999
2023-03-07,0.11285
2023-03-08,0.11295999999999999
2023-03-09,0.112962
2023-03-10,0.11308
2023-03-13,0.11314
2023-03-14,0.11319499999999999
2023-03-15,0.113245
2023-03-16,0.11337199999999999
2023-03-17,0.113474
2023-03-20,0.11349999999999999
2023-03-21,0.11349999999999999
2023-03-22,0.11355
2023-03-23,0.11365
2023-03-24,0.113749
2023-03-27,0.11387399999999999
2023-03-28,0.113986
2023-03-29,0.114035
2023-03-30,0.114149
2023-03-31,0.114274
2023-04-03,0.1152
2023-04-04,0.115195
2023-04-05,0.115175
2023-04-06,0.115267
2023-04-07,0.115267
2023-04-10,0.115267
2023-04-11,0.115175
2023-04-12,0.115175
2023-04-13,0.115255
2023-04-14,0.11534499999999999
2023-04-17,0.11538999999999999
2023-04-18,0.115353
2023-04-19,0.11537000000000001
2023-04-20,0.115329
2023-04-21,0.11529299999999999
2023-04-24,0.115253
2023-04-25,0.11525
2023-04-26,0.115265
2023-04-27,0.115357
2023-04-28,0.11544499999999999
2023-05-01,0.11549899999999999
2023-05-02,0.11549899999999999
2023-05-03,0.11549
2023-05-04,0.11554
2023-05-05,0.11566900000000001
2023-05-08,0.115625
2023-05-09,0.11562
2023-05-10,0.115652
2023-05-11,0.115538
2023-05-12,0.115523
2023-05-15,0.11549300000000001
2023-05-16,0.11538399999999999
2023-05-17,0.11537499999999999
2023-05-18,0.11525
2023-05-19,0.11526
2023-05-22,0.115213
2023-05-23,0.11515
2023-05-24,0.115135
2023-05-25,0.1151
2023-05-26,0.115135
2023-05-29,0.115017
2023-05-30,0.11509
2023-05-31,0.11505699999999999
2023-06-01,0.11496600000000001
2023-06-02,0.11503999999999999
2023-06-05,0.115033
2023-06-06,0.115
2023-06-07,0.11498
2023-06-08,0.115015
2023-06-09,0.11509
2023-06-12,0.11512499999999999
2023-06-13,0.115075
2023-06-14,0.11497500000000001
2023-06-15,0.114995
2023-06-16,0.11498
2023-06-19,0.115032
2023-06-20,0.114995
2023-06-21,0.115067
2023-06-22,0.11504500000000001
2023-06-23,0.115
2023-06-26,0.11507999999999999
2023-06-27,0.11500500000000001
2023-06-28,0.114855
2023-06-29,0.114962
2023-06-30,0.114925
2023-07-03,0.11498
2023-07-04,0.11503000000000001
2023-07-05,0.11503000000000001
2023-07-06,0.11507999999999999
2023-07-07,0.115105
2023-07-10,0.115002
2023-07-11,0.11490399999999999
2023-07-12,0.11495
2023-07-13,0.114925
2023-07-14,0.1149
2023-07-17,0.114865
2023-07-18,0.1149
2023-07-19,0.114915
2023-07-20,0.115
2023-07-21,0.11505000000000001
2023-07-24,0.115037
2023-07-25,0.115084
2023-07-26,0.115054
2023-07-27,0.11509499999999999
2023-07-28,0.11513999999999999
2023-07-31,0.115135
2023-08-01,0.11507999999999999
2023-08-02,0.115105
2023-08-03,0.115053
2023-08-04,0.11505000000000001
2023-08-07,0.11502499999999999
2023-08-08,0.115
2023-08-09,0.11494
2023-08-10,0.11500500000000001
2023-08-11,0.11494
2023-08-14,0.11497500000000001
2023-08-15,0.11485
2023-08-16,0.11485
2023-08-17,0.115
2023-08-18,0.114925
2023-08-21,0.114925
2023-08-22,0.11497500000000001
2023-08-23,0.11505000000000001
2023-08-24,0.11497500000000001
2023-08-25,0.11494
2023-08-28,0.115062
2023-08-29,0.11505499999999999
2023-08-30,0.11507899999999999
2023-08-31,0.11509
2023-09-01,0.11506999999999999
2023-09-04,0.11506
2023-09-05,0.115019
2023-09-06,0.11497199999999999
2023-09-07,0.11501
2023-09-08,0.115
2023-09-11,0.115012
2023-09-12,0.11505499999999999
2023-09-13,0.11500400000000001
2023-09-14,0.11505000000000001
2023-09-15,0.115075
2023-09-18,0.11506
2023-09-19,0.11505499999999999
2023-09-20,0.115075
2023-09-21,0.115037
2023-09-22,0.11506500000000001
2023-09-25,0.11505499999999999
2023-09-26,0.11499000000000001
2023-09-27,0.114995
2023-09-28,0.11504099999999999
2023-09-29,0.114983
2023-10-02,0.115028
2023-10-03,0.115
2023-10-04,0.114985
2023-10-05,0.114983
2023-10-06,0.114979
2023-10-09,0.114977
2023-10-10,0.115
2023-10-11,0.11501
2023-10-12,0.11502000000000001
2023-10-13,0.115022
2023-10-16,0.11504500000000001
2023-10-17,0.11506
2023-10-18,0.11506500000000001
2023-10-19,0.11506999999999999
2023-10-20,0.11506999999999999
2023-10-23,0.11506999999999999
2023-10-24,0.11506999999999999
2023-10-25,0.11506999999999999
2023-10-26,0.115047
2023-10-27,0.11506
2023-10-30,0.11506500000000001
2023-10-31,0.11504500000000001
2023-11-01,0.11503500000000001
2023-11-02,0.11505499999999999
2023-11-03,0.11505499999999999
2023-11-06,0.11506500000000001
2023-11-07,0.11506999999999999
2023-11-08,0.11506999999999999
2023-11-09,0.11506999999999999
2023-11-10,0.11506999999999999
2023-11-13,0.11506999999999999
2023-11-14,0.115064
2023-11-15,0.11505499999999999
2023-11-16,0.115051
2023-11-17,0.11505000000000001
2023-11-20,0.115037
2023-11-21,0.115037
2023-11-22,0.11503999999999999
2023-11-23,0.11503999999999999
2023-11-24,0.11503999999999999
2023-11-27,0.11503999999999999
2023-11-28,0.115032
2023-11-29,0.11503999999999999
2023-11-30,0.11504099999999999
2023-12-01,0.115033
2023-12-04,0.11503999999999999
2023-12-05,0.115051
2023-12-06,0.115038
2023-12-07,0.11503999999999999
2023-12-08,0.11503999999999999
2023-12-11,0.11506
2023-12-12,0.115075
2023-12-13,0.115075
2023-12-14,0.11506
2023-12-15,0.115043
2023-12-18,0.11503999999999999
2023-12-19,0.11503999999999999
2023-12-20,0.11502499999999999
2023-12-21,0.11502499999999999
2023-12-22,0.11502499999999999
2023-12-25,0.115037
2023-12-26,0.115037
2023-12-27,0.11505000000000001
2023-12-28,0.11503999999999999
2023-12-29,0.11503500000000001
2024-01-01,0.11502499999999999
2024-01-02,0.11502499999999999
2024-01-03,0.115022
2024-01-04,0.11502499999999999
2024-01-05,0.11502499999999999
2024-01-08,0.11502499999999999
2024-01-09,0.11502499999999999
2024-01-10,0.11502499999999999
2024-01-11,0.11502499999999999
2024-01-12,0.11502499999999999
2024-01-15,0.11497500000000001
2024-01-16,0.115002
2024-01-17,0.11498799999999999
2024-01-18,0.115006
2024-01-19,0.11501
2024-01-22,0.115017
2024-01-23,0.114985
2024-01-24,0.115002
2024-01-25,0.115015
2024-01-26,0.114995
2024-01-29,0.114985
2024-01-30,0.11499000000000001
2024-01-31,0.115
2024-02-01,0.115012
2024-02-02,0.114993
2024-02-05,0.114984
2024-02-06,0.114984
2024-02-07,0.11498
2024-02-08,0.11499000000000001
2024-02-09,0.114982
2024-02-12,0.114995
2024-02-13,0.115007
2024-02-14,0.11496600000000001
2024-02-15,0.114983
2024-02-16,0.114954
2024-02-19,0.11495
2024-02-20,0.11495
2024-02-21,0.114925
2024-02-22,0.114962
2024-02-23,0.114925
2024-02-26,0.114925
2024-02-27,0.11489100000000001
2024-02-28,0.1149
2024-02-29,0.114875
2024-03-01,0.11493700000000001
2024-03-04,0.11485
2024-03-05,0.11477499999999999
2024-03-06,0.11485
2024-03-07,0.11485
2024-03-08,0.114859
2024-03-11,0.114825
2024-03-12,0.114724
2024-03-13,0.114748
2024-03-14,0.11470000000000001
2024-03-15,0.11474999999999999
2024-03-18,0.11477499999999999
2024-03-19,0.11477499999999999
2024-03-20,0.11477499999999999
2024-03-21,0.1148
2024-03-22,0.11479900000000001
2024-03-25,0.11245
2024-03-26,0.11247
2024-03-27,0.112475
2024-03-28,0.112485
2024-03-29,0.112485
2024-04-01,0.112485
2024-04-02,0.11249
2024-04-03,0.112475
2024-04-04,0.112475
2024-04-05,0.112485
2024-04-08,0.112485
2024-04-09,0.11249
2024-04-10,0.112492
2024-04-11,0.11249
2024-04-12,0.11250199999999999
2024-04-15,0.11248799999999999
2024-04-16,0.112407
2024-04-17,0.112445
2024-04-18,0.11245
2024-04-19,0.112465
2024-04-22,0.11245
2024-04-23,0.11245
2024-04-24,0.11245
2024-04-25,0.11245
2024-04-26,0.11245
2024-04-29,0.11245
2024-04-30,0.11245
2024-05-01,0.1124
2024-05-02,0.1124
2024-05-03,0.1124
2024-05-06,0.112366
2024-05-07,0.1124
2024-05-08,0.1124
2024-05-09,0.1124
2024-05-10,0.1124
2024-05-13,0.1124
2024-05-14,0.1124
2024-05-15,0.1124
2024-05-16,0.112399
2024-05-17,0.11234999999999999
2024-05-20,0.112399
2024-05-21,0.11234999999999999
2024-05-22,0.11234999999999999
2024-05-23,0.11234999999999999
2024-05-24,0.112415
2024-05-27,0.11234999999999999
2024-05-28,0.112425
2024-05-29,0.11245
2024-05-30,0.112465
2024-05-31,0.11245
2024-06-03,0.112465
2024-06-04,0.11245
2024-06-05,0.11245
2024-06-06,0.11245
2024-06-07,0.11245
2024-06-10,0.11247
2024-06-11,0.11245
2024-06-12,0.11245
2024-06-13,0.11245
2024-06-14,0.11245
2024-06-17,0.112475
2024-06-18,0.11245
2024-06-19,0.11243
2024-06-20,0.11245
2024-06-21,0.11245
2024-06-24,0.11245
2024-06-25,0.11245
2024-06-26,0.11245
2024-06-27,0.112449
2024-06-28,0.1124
2024-07-01,0.112445
2024-07-02,0.11247199999999999
2024-07-03,0.11245
2024-07-04,0.11245
2024-07-05,0.11245
2024-07-08,0.112465
2024-07-09,0.112475
2024-07-10,0.11245
2024-07-11,0.112465
2024-07-12,0.11245
2024-07-15,0.11247
2024-07-16,0.11245
2024-07-17,0.11245
2024-07-18,0.11245
2024-07-19,0.112449
2024-07-22,0.11245
2024-07-23,0.11245
2024-07-24,0.112465
2024-07-25,0.112475
2024-07-26,0.11245
2024-07-29,0.11245
2024-07-30,0.112449
2024-07-31,0.11245
2024-08-01,0.11245
2024-08-02,0.112475
2024-08-05,0.11245
2024-08-06,0.11245
2024-08-07,0.112325
2024-08-08,0.11248
2024-08-09,0.112475
2024-08-12,0.11025
2024-08-13,0.110025
2024-08-14,0.11001200000000001
2024-08-15,0.110028
2024-08-16,0.11003199999999999
2024-08-19,0.110016
2024-08-20,0.110064
2024-08-21,0.110077
2024-08-22,0.110038
2024-08-23,0.110028
2024-08-26,0.110014
2024-08-27,0.11000700000000001
2024-08-28,0.109994
2024-08-29,0.109985
2024-08-30,0.10998
2024-09-02,0.109977
2024-09-03,0.109976
2024-09-04,0.10984999999999999
2024-09-05,0.10980000000000001
2024-09-06,0.10975
2024-09-09,0.109725
